BSE Code,Name
500002,ABB INDIA LIMITED
500003,AEGIS LOGISTICS LTD.
500008,Amara Raja Energy & Mobility L
500009,AMBALAL SARABHAI ENTERPRISES L
500012,ANDHRA PETROCHEMICALS LTD.
500013,ANSAL PROPERTIES & INFRASTRUCT
500014,UTIQUE ENTERPRISES LIMITED
500016,ARUNA HOTELS LTD.
500020,BOMBAY DYEING & MFG.CO.LTD.
500023,ASIAN HOTELS (NORTH) LIMITED
500027,ATUL LTD.
500028,ATV PROJECTS INDIA LTD.
500031,BAJAJ ELECTRICALS LTD.
500032,BAJAJ HINDUSTHAN SUGAR LIMITED
500033,FORCE MOTORS LTD.
500034,BAJAJ FINANCE LIMITED
500038,BALRAMPUR CHINI MILLS LTD
500039,BANCO PRODUCTS (INDIA) LTD.
500040,ADITYA BIRLA REAL ESTATE LIMIT
500042,BASF INDIA LTD.
500043,BATA INDIA LTD.
500048,BEML LTD.
500049,BHARAT ELECTRONICS LTD.
500051,BHAGAWATI GAS LIMITED
500052,BHANSALI ENGINEERING POLYMERS
500058,BIHAR SPONGE IRON LTD.
500059,BIL VYAPAR LIMITED
500060,Birla Cable Limited
500067,BLUE STAR LTD.
500068,DISA INDIA LTD.
500069,QUEST CAPITAL MARKETS LIMITED
500074,BPL LTD.
500078,ORIENTAL AROMATICS LIMITED
500083,CENTURY EXTRUSIONS LTD.
500084,CESC LTD.
500085,CHAMBAL FERTILISERS & CHEMICAL
500086,EXIDE INDUSTRIES LTD.
500087,CIPLA LTD.
500089,DIC INDIA LTD.
500092,CRISIL LTD.
500093,CG Power and Industrial Soluti
500096,DABUR INDIA LTD.
500097,DALMIA BHARAT SUGAR AND INDUST
500101,ARVIND LTD.
500103,BHARAT HEAVY ELECTRICALS LTD.
500104,HINDUSTAN PETROLEUM CORPORATIO
500106,IFCI LTD.
500108,MAHANAGAR TELEPHONE NIGAM LTD.
500109,MANGALORE REFINERY & PETROCHEM
500110,CHENNAI PETROLEUM CORPORATION
500112,STATE BANK OF INDIA
500113,STEEL AUTHORITY OF INDIA LTD.
500114,TITAN COMPANY LIMITED
500116,IDBI BANK LTD.
500117,DCW LTD.
500119,DHAMPUR SUGAR MILLS LTD.
500120,DIAMINES & CHEMICALS LTD.
500123,ELANTAS BECK INDIA LTD.
500124,DR.REDDYS LABORATORIES LTD.
500125,E.I.D.-PARRY (INDIA) LTD.
500126,PROCTER & GAMBLE HEALTH LIMITE
500128,ELECTROSTEEL CASTINGS LTD.
500133,ESAB INDIA LTD.
500135,EPL LIMITED
500136,ESTER INDUSTRIES LTD.
500142,FGP LTD.
500143,P H CAPITAL LIMITED
500144,FINOLEX CABLES LTD.
500147,JOHN COCKERILL INDIA LIMITED
500148,UFLEX LTD.
500150,FOSECO INDIA LTD.
500151,GOLDEN TOBACCO LTD.
500153,GANESH BENZOPLAST LTD.
500159,METROGLOBAL LIMITED
500160,GTL LTD.
500163,GODFREY PHILLIPS INDIA LTD.
500164,GODREJ INDUSTRIES LTD.
500165,KANSAI NEROLAC PAINTS LTD.
500166,GOODRICKE GROUP LTD.
500168,GOODYEAR INDIA LTD.
500170,GTN INDUSTRIES LTD.
500171,GHCL LTD.
500173,GFL LIMITED
500174,GUJARAT LEASE FINANCING LTD.
500178,HARIG CRANKSHAFTS LTD.
500179,HCL INFOSYSTEMS LTD.
500180,HDFC BANK LTD.
500182,HERO MOTOCORP LTD.
500183,HFCL LIMITED
500184,Himadri Speciality Chemical Lt
500185,HINDUSTAN CONSTRUCTION CO.LTD.
500186,HINDUSTAN OIL EXPLORATION CO.L
500187,AGI GREENPAC LIMITED
500188,HINDUSTAN ZINC LTD.
500189,NDL Ventures Limited
500191,HMT LTD.
500192,PRAG BOSIMI SYNTHETICS LTD.
500193,HLV LIMITED
500199,I G PETROCHEMICALS LTD.
500201,INDIA GLYCOLS LTD.
500202,INDIA LEASE DEVELOPMENT LTD.
500206,MARGO FINANCE LIMITED
500207,INDO RAMA SYNTHETICS (INDIA) L
500209,INFOSYS LTD.
500210,INGERSOLL-RAND (INDIA) LTD.
500213,INTERNATIONAL TRAVEL HOUSE LTD
500214,ION EXCHANGE (INDIA) LTD.
500215,SUNDROP BRANDS LIMITED
500219,JAIN IRRIGATION SYSTEMS LTD.
500220,JASCH INDUSTRIES LTD.
500227,JINDAL POLY FILMS LIMITED
500228,JSW STEEL LTD.
500233,KAJARIA CERAMICS LTD.
500234,KAKATIYA CEMENT SUGAR & INDUST
500235,KALYANI STEELS LTD.
500236,KANEL INDUSTRIES LIMITED
500238,WHIRLPOOL OF INDIA LTD.
500239,KG DENIM LTD.
500240,KINETIC ENGINEERING LTD.
500241,KIRLOSKAR BROTHERS LTD.
500243,KIRLOSKAR INDUSTRIES LTD
500245,KIRLOSKAR FERROUS INDUSTRIES L
500246,ENVAIR ELECTRODYNE LTD.
500247,KOTAK MAHINDRA BANK LTD.
500248,KRISHNA FILAMENT INDUSTRIES LI
500249,KSB LIMITED
500250,L.G.BALAKRISHNAN & BROS.LTD.
500251,TRENT LTD.
500252,LMW Limited
500253,LIC HOUSING FINANCE LTD.
500257,LUPIN LTD.
500259,LYKA LABS LTD.
500260,THE RAMCO CEMENTS LIMITED
500262,HYBRID FINANCIAL SERVICES LIMI
500264,MAFATLAL INDUSTRIES LTD.
500265,MAHARASHTRA SEAMLESS LTD.
500266,MAHARASHTRA SCOOTERS LTD.
500267,MAJESTIC AUTO LTD.
500268,MANALI PETROCHEMICAL LTD.
500270,BARODA RAYON CORPORATION LTD.
500271,Max Financial Services Limited
500277,MID INDIA INDUSTRIES LTD.
500279,ONIDA ELECTRONICS LIMITED
500280,CENTURY ENKA LTD.
500284,LORDS CHLORO ALKALI LTD.
500285,SPICEJET LTD.
500288,MOREPEN LABORATORIES LTD.
500290,MRF LTD.
500292,HEIDELBERGCEMENT INDIA LTD.
500294,NCC LIMITED
500295,VEDANTA LIMITED
500296,NAHAR SPINNING MILLS LTD.
500298,Naperol Investments Limited
500300,GRASIM INDUSTRIES LTD.
500304,NIIT LTD.
500306,Jaykay Enterprises Limited
500307,NIRLON LTD.
500312,OIL AND NATURAL GAS CORPORATIO
500313,OIL COUNTRY TUBULAR LTD.
500314,ORIENTAL HOTELS LTD.
500317,OSWAL AGRO MILLS LTD.
500319,INDIAN SUCROSE LTD.
500322,PANYAM CEMENTS & MINERAL INDUS
500325,RELIANCE INDUSTRIES LTD.
500327,Pil Italica Lifestyle Limited
500330,RAYMOND LTD.
500331,PIDILITE INDUSTRIES LTD.
500333,PIX TRANSMISSIONS LTD.
500335,BIRLA CORPORATION LTD.
500336,SURYA ROSHNI LTD.
500337,PRIME SECURITIES LTD.
500338,PRISM JOHNSON LIMITED.
500339,RAIN INDUSTRIES LIMITED
500342,PRUDENTIAL SUGAR CORPORATION L
500343,AMJ LAND HOLDINGS LIMITED
500346,PUNJAB COMMUNICATIONS LTD.
500350,RSWM LTD.
500354,RAJSHREE SUGARS & CHEMICALS LT
500355,RALLIS INDIA LTD.
500356,SHREE RAMA NEWSPRINT LTD.
500360,RAPICUT CARBIDES LTD.
500365,WELSPUN SPECIALTY SOLUTIONS LI
500367,RUBFILA INTERNATIONAL LTD.
500368,Patanjali Foods Limited
500370,SALORA INTERNATIONAL LTD.
500371,SAMTEL INDIA LTD.
500378,JINDAL SAW LTD.
500380,JK LAKSHMI CEMENT LTD.
500387,SHREE CEMENT LTD.
500388,SHREE KRISHNA PAPER MILLS & IN
500390,RELIANCE INFRASTRUCTURE LTD.
500399,STEELCO GUJARAT LTD.
500400,TATA POWER CO.LTD.
500402,SPML INFRA LIMITED
500403,SUNDRAM FASTENERS LTD.
500404,SUNFLAG IRON & STEEL CO.LTD.
500405,SUPREME PETROCHEM LTD.
500407,SWARAJ ENGINES LTD.
500408,TATA ELXSI LTD.
500410,ACC LTD.
500411,THERMAX LTD.
500412,THIRUMALAI CHEMICALS LTD.
500413,THOMAS COOK (INDIA) LTD.
500414,TIMEX GROUP INDIA LTD.
500418,TOKYO PLAST INTERNATIONAL LTD.
500420,TORRENT PHARMACEUTICALS LTD.
500421,TPI INDIA LTD.
500422,TRANSCHEM LTD.
500425,AMBUJA CEMENTS LTD.
500426,UTL INDUSTRIES LIMITED
500429,UNIPHOS ENTERPRISES LTD.
500439,VARDHMAN HOLDINGS LTD.
500440,HINDALCO INDUSTRIES LTD.
500444,West Coast Paper Mills Limited
500449,HINDUSTAN ORGANIC CHEMICALS LT
500450,MPIL CORPORATION LTD.
500456,PASUPATI ACRYLON LTD.
500458,TEAM24 CONSUMER PRODUCTS LIMIT
500459,PROCTER & GAMBLE HYGIENE & HEA
500460,MUKAND LTD.
500463,BLACK BOX LIMITED
500464,UCAL LIMITED
500467,HARRISONS MALAYALAM LTD.
500469,FEDERAL BANK LTD.
500470,TATA STEEL LTD.
500472,SKF INDIA LIMITED
500477,ASHOK LEYLAND LTD.
500480,CUMMINS INDIA LTD.
500483,TATA COMMUNICATIONS LTD.
500488,ABBOTT INDIA LTD.
500490,BAJAJ HOLDINGS & INVESTMENT LT
500493,BHARAT FORGE LTD.
500495,Escorts Kubota Limited
500500,HINDUSTAN MOTORS LTD.
500510,LARSEN & TOUBRO LTD.
500520,MAHINDRA & MAHINDRA LTD.
500530,BOSCH LTD.
500540,PREMIER LTD.
500547,BHARAT PETROLEUM CORPORATION L
500550,SIEMENS LTD.
500570,TATA MOTORS PASSENGER VEHICLES
500575,VOLTAS LTD.
500620,GREAT EASTERN SHIPPING CO.LTD.
500645,DEEPAK FERTILISERS & PETROCHEM
500650,EXCEL INDUSTRIES LTD.
500655,GARWARE HI-TECH FILMS LIMITED
500660,GLAXOSMITHKLINE PHARMACEUTICAL
500670,GUJARAT NARMADA VALLEY FERTILI
500672,NOVARTIS INDIA LTD.
500674,SANOFI INDIA LTD
500680,PFIZER LTD.
500690,GUJARAT STATE FERTILIZERS & CH
500696,HINDUSTAN UNILEVER LTD.
500710,JSW Dulux Limited
500730,NOCIL LTD.
500770,TATA CHEMICALS LTD.
500777,TAMILNADU PETROPRODUCTS LTD.
500780,Zuari Industries Limited
500790,NESTLE INDIA LTD.
500800,TATA CONSUMER PRODUCTS LIMITED
500820,ASIAN PAINTS LTD.
500825,BRITANNIA INDUSTRIES LTD.
500830,COLGATE-PALMOLIVE (INDIA) LTD.
500840,EIH LTD.
500850,THE INDIAN HOTELS COMPANY LTD
500870,CASTROL INDIA LTD.
500875,ITC LTD.
500877,APOLLO TYRES LTD.
500878,CEAT LTD.
500940,FINOLEX INDUSTRIES LTD.
501148,DALAL STREET INVESTMENTS LTD.
501150,CENTRUM CAPITAL LTD.
501151,KARTIK INVESTMENTS TRUST LTD.
501242,TCI FINANCE LTD.
501261,Lords Mark Industries Limited
501270,ANTARIKSH INDUSTRIES LIMITED
501295,INDUSTRIAL INVESTMENT TRUST LT
501298,INDUSTRIAL & PRUDENTIAL INVEST
501301,TATA INVESTMENT CORPORATION LT
501314,PRISMX GLOBAL VENTURES LIMITED
501351,RAPID INVESTMENTS LTD.
501370,WALCHAND PEOPLEFIRST LTD.
501391,W.H.BRADY & CO.LTD.
501421,TechNVision Ventures Limited
501423,SHAILY ENGINEERING PLASTICS LT
501425,The Bombay Burmah Trading Corp
501430,BOMBAY CYCLE & MOTOR AGENCY LT
501455,GREAVES COTTON LTD.
501477,MULLER & PHIPPS (INDIA) LTD.
501700,INDIANIVESH LTD.
501831,COASTAL CORPORATION LTD.
501833,CHOWGULE STEAMSHIPS LTD.
501848,GARWARE OFFSHORE SERVICES LIMI
501945,DHENU BUILDCON INFRA LTD.
502015,ASI INDUSTRIES LIMITED
502090,SAGAR CEMENTS LTD.
502137,DECCAN CEMENTS LTD.
502157,MANGALAM CEMENT LTD.
502168,NCL INDUSTRIES LTD.
502175,SAURASHTRA CEMENT LTD.
502180,SHREE DIGVIJAY CEMENT CO.LTD.
502219,BOROSIL RENEWABLES LIMITED
502281,TRIVENI GLASS LTD.
502294,NILACHAL REFRACTORIES LTD.
502330,ANDHRA PAPER LIMITED
502355,BALKRISHNA INDUSTRIES LTD.
502420,ORIENT PAPER & INDUSTRIES LTD.
502445,CITADEL REALTY AND DEVELOPERS
502448,ROLLATAINERS LTD.
502450,SESHASAYEE PAPER & BOARDS LTD.
502587,NATH INDUSTRIES LIMITED
502589,VAPI ENTERPRISE LIMITED
502820,DCM LTD.
502865,FORBES & COMPANY LTD.
502873,H.P.COTTON TEXTILE MILLS LTD.
502893,UNITED INTERACTIVE LTD.
502901,JAMSHRI REALTY LIMITED
502937,KESORAM INDUSTRIES LTD.
502958,LAKSHMI MILLS COMPANY LTD.
502986,VARDHMAN TEXTILES LTD.
503031,PENINSULA LAND LTD.
503092,PASUPATI SPG.& WVG.MILLS LTD.
503100,THE PHOENIX MILLS LTD
503101,MARATHON NEXTGEN REALTY LTD.
503127,RAJA BAHADUR INTERNATIONAL LTD
503162,RELIANCE CHEMOTEX INDUSTRIES L
503169,RUBY MILLS LTD.
503229,SIMPLEX REALTY LTD.
503310,Swan Corp Limited
503349,VICTORIA MILLS LTD.
503624,SVARAJ TRADING & AGENCIES LTD.
503635,SHREE SALASAR INVESTMENT LTD.
503639,Apollo Ingredients Limited
503641,ZODIAC VENTURES LIMITED
503657,VEER ENERGY & INFRASTRUCTURE L
503659,SW INVESTMENTS LTD
503663,Tilak Ventures Limited
503675,WAGEND INFRA VENTURE LIMITED
503685,MEDIAONE GLOBAL ENTERTAINMENT
503722,BANSWARA SYNTEX LTD.
503804,SHRI DINESH MILLS LTD.
503806,SRF LTD.
503811,SIYARAM SILK MILLS LTD.
503816,SWADESHI POLYTEX LTD.
503837,SHREE RAJASTHAN SYNTEX LTD.
503960,BHARAT BIJLEE LTD.
504000,ELPRO INTERNATIONAL LTD.
504028,GEE LTD.
504036,HIND RECTIFIERS LTD.
504058,INDO-NATIONAL LTD.
504067,ZENSAR TECHNOLOGIES LTD.
504076,JYOTI LTD.
504080,JSL INDUSTRIES LTD.
504084,KAYCEE INDUSTRIES LTD.
504092,INDOKEM LTD.
504093,PANASONIC ENERGY INDIA COMPANY
504112,NELCO LTD.
504132,PERMANENT MAGNETS LTD.
504176,HIGH ENERGY BATTERIES (INDIA)
504180,STANDARD BATTERIES LTD.
504212,UNIVERSAL CABLES LTD.
504220,W.S.INDUSTRIES (INDIA) LTD.
504240,DELTON CABLES LTD.
504258,LAKSHMI ELECTRICAL CONTROL SYS
504273,MODULEX CONSTRUCTION TECHNOLOG
504286,DELTA MANUFACTURING LIMITED
504340,Longspur International Venture
504341,RAVINDRA ENERGY LIMITED
504351,EMPOWER INDIA LTD.
504369,GRANDMA TRADING & AGENCIES LTD
504375,IDream Film Infrastructure Com
504378,NYSSA CORPORATION LIMITED
504380,FLOMIC GLOBAL LOGISTICS LIMITE
504392,KRISHNA VENTURES LIMITED
504397,GANESH HOLDINGS LTD.
504605,UNI ABEX ALLOY PRODUCTS LTD.
504614,SARDA ENERGY & MINERALS LTD.
504646,BHAGWATI AUTOCAST LTD.
504648,BOMBAY WIRE ROPES LTD.
504697,GALADA POWER & TELECOMMUNICATI
504731,AZAD INDIA MOBILITY LIMITED
504741,INDIAN HUME PIPE CO.LTD.
504746,INDIAN LINK CHAIN MANUFACTURES
504786,INVESTMENT & PRECISION CASTING
504810,INFORMED TECHNOLOGIES INDIA LT
504840,KAIRA CAN CO.LTD.
504879,ORIENT CERATECH LIMITED
504882,NATIONAL STANDARD (INDIA) LTD.
504903,RATHI STEEL & POWER LTD.
504908,Duncan Engineering Limited
504918,SANDUR MANGANESE & IRON ORES L
504959,STOVEC INDUSTRIES LTD.
504973,CHOLAMANDALAM FINANCIAL HOLDIN
504988,WELCAST STEELS LTD.
505010,AUTOMOTIVE AXLES LTD.
505036,AUTOMOBILE CORPORATION OF GOA
505075,SETCO AUTOMOTIVE LTD.
505160,TALBROS AUTOMOTIVE COMPONENTS
505163,Z.F.STEERING GEAR (INDIA) LTD.
505192,SML Mahindra Limited
505196,TIL LTD.
505200,EICHER MOTORS LTD.
505212,JAINEX AAMCOL LTD.
505216,ALFRED HERBERT (INDIA) LTD.
505232,VELJAN DENISON LIMITED
505242,DYNAMATIC TECHNOLOGIES LTD.
505250,G. G. Dandekar Properties Limi
505255,GMM PFAUDLER LTD.
505283,KIRLOSKAR PNEUMATIC CO.LTD.
505299,KPT INDUSTRIES LIMITED
505302,LAKSHMI ENGINEERING AND WAREHO
505324,MANUGRAPH INDIA LTD.
505336,HARSHIL AGROTECH LIMITED
505343,MONOTYPE INDIA LTD.
505355,NESCO LTD.
505358,INTEGRA ENGINEERING INDIA LTD.
505368,Semac Construction Limited
505400,TEXMACO INFRASTRUCTURE & HOLDI
505412,WENDT (INDIA) LTD.
505502,PS IT INFRASTRUCTURE & SERVICE
505504,GHV INFRA PROJECTS LIMITED
505509,RESPONSIVE INDUSTRIES LTD.
505515,SHYAMKAMAL INVESTMENTS LTD.
505523,MAHARASHTRA CORPORATION LTD.
505526,DOLAT ALGOTECH LIMITED
505533,WESTLIFE FOODWORLD LIMITED
505537,ZEE ENTERTAINMENT ENTERPRISES
505590,SVP GLOBAL TEXTILES LIMITED
505650,SKYLINE MILLARS LTD.
505681,BIMETAL BEARINGS LTD.
505685,TAPARIA TOOLS LTD.
505688,BHARAT GEARS LTD.
505690,BRADY & MORRIS ENGINEERING CO.
505693,La Tim Metal & Industries Limi
505700,ELECON ENGINEERING CO.LTD.
505710,GRAUER & WEIL (INDIA) LTD.
505712,HIM TEKNOFORGE LIMITED
505714,GABRIEL INDIA LTD.
505720,Hercules Investments Limited
505725,ALGOQUANT FINTECH LIMITED
505726,IFB INDUSTRIES LTD.
505729,SINGER INDIA LTD.
505737,INTERNATIONAL COMBUSTION (INDI
505744,FEDERAL-MOGUL GOETZE (INDIA) L
505750,JOSTS ENGINEERING CO.LTD.
505790,Schaeffler India Limited
505797,MIPCO SEAMLESS RINGS (GUJARAT)
505800,RANE HOLDINGS LTD.
505827,SNL BEARINGS LTD.
505840,JAIPAN INDUSTRIES LTD.
505850,MANGAL CREDIT AND FINCORP LTD.
505854,TRF LTD.
505872,WPIL LTD.
505890,KENNAMETAL INDIA LTD.
505893,HINDUSTAN HARDY LIMITED
505978,TRITON VALVES LTD.
506003,SUDAL INDUSTRIES LTD.
506022,PRAKASH INDUSTRIES LTD.
506074,ARSHIYA LIMITED
506076,GRINDWELL NORTON LTD.
506109,GENESYS INTERNATIONAL CORPORAT
506122,Kairosoft AI Solutions Limited
506128,PARNAX LAB LTD.
506134,GOURMET GATEWAY INDIA LIMITED
506146,VISAGAR POLYTEX LTD.
506166,APIS INDIA LTD.
506180,EMERGENT INDUSTRIAL SOLUTIONS
506184,KANANI INDUSTRIES LTD.
506186,GALAXY SUPERMARKET LIMITED
506194,ARIHANT SUPERSTRUCTURES LIMITE
506197,BLISS GVS PHARMA LTD.
506222,Styrenix Performance Materials
506235,ALEMBIC LTD.
506248,AMINES & PLASTICIZERS LTD.
506260,ANUH PHARMA LTD.
506261,MODISON LIMITED
506285,BAYER CROPSCIENCE LTD.
506365,STARSOURCE MULTITRADE LIMITED
506390,Sudarshan Colorants India Limi
506395,COROMANDEL INTERNATIONAL LTD.
506401,DEEPAK NITRITE LTD.
506405,DMCC SPECIALITY CHEMICALS LIMI
506414,FERMENTA BIOTECH LIMITED
506480,GOCL Corporation Limited
506520,JAYSHREE CHEMICALS LTD.
506525,KANORIA CHEMICALS & INDUSTRIES
506528,KELTECH ENERGIES LTD.
506532,NITTA GELATIN INDIA LTD.
506543,M.P.AGRO INDUSTRIES LTD.
506579,AG VENTURES LIMITED
506590,PCBL Chemical Limited
506597,AMAL LTD.
506605,POLYCHEM LTD.
506618,PUNJAB CHEMICALS AND CROP PROT
506640,ZR2 BIOENERGY LIMITED
506642,SADHANA NITROCHEM LTD.
506655,SUDARSHAN CHEMICAL INDUSTRIES
506680,TECIL CHEMICALS & HYDRO POWER
506685,ULTRAMARINE & PIGMENTS LTD.
506687,TRANSPEK INDUSTRY LTD.
506690,UNICHEM LABORATORIES LTD.
506734,MYSORE PETRO CHEMICALS LTD.
506767,ALKYL AMINES CHEMICALS LTD.
506808,TUTICORIN ALKALI CHEMICALS AND
506820,ASTRAZENECA PHARMA INDIA LTD.
506852,Primo Chemicals Limited
506854,TANFAC INDUSTRIES LTD.
506858,GUJARAT PETROSYNTHESE LTD.
506863,SWADESHI INDUSTRIES LEASING CO
506879,GUJARAT THEMIS BIOSYN LTD.
506919,MAKERS LABORATORIES LTD.
506945,INDO GULF INDUSTRIES LTD.
506947,ADVANCE PETROCHEMICALS LTD.
506979,APT PACKAGING LTD.
506981,BLUE CHIP TEX INDUSTRIES LTD.
507155,JAGATJIT INDUSTRIES LTD.
507180,KESAR ENTERPRISES LTD.
507205,TILAKNAGAR INDUSTRIES LTD.
507265,Emerald Leisures Limited
507300,The Ravalgaon Sugar Farm Limit
507315,SAKTHI SUGARS LTD.
507410,WALCHANDNAGAR INDUSTRIES LTD.
507438,IFB AGRO INDUSTRIES LTD.
507474,KOTHARI FERMENTATION & BIOCHEM
507488,G.M.BREWERIES LTD.
507490,RANA SUGARS LTD.
507498,PICCADILY SUGAR & ALLIED INDUS
507514,SOM DISTILLERIES & BREWERIES L
507515,C.J.GELATINE PRODUCTS LTD.
507526,ASSOCIATED ALCOHOLS & BREWERIE
507552,FOODS & INNS LTD.
507580,IVP LTD.
507598,KOVILPATTI LAKSHMI ROLLER FLOU
507621,MILKFOOD LTD.
507645,POLSON LTD.
507685,WIPRO LTD.
507690,ORIENT BEVERAGES LTD.
507717,DHANUKA AGRITECH LTD.
507747,TTK HEALTHCARE LTD.
507753,TGV SRAAC Limited
507759,LIME CHEMICALS LTD.
507779,KANPUR PLASTIPACK LTD.
507785,TAINWALA CHEMICALS & PLASTICS
507789,JAGSONPAL PHARMACEUTICALS LTD.
507794,KHAITAN CHEMICALS & FERTILIZER
507813,NATIONAL OXYGEN LTD.
507815,GILLETTE INDIA LTD.
507817,WIRES & FABRIKS (SA) LTD.
507828,ANSAL HOUSING LIMITED
507833,COMPUTER POINT LTD.
507836,MAC CHARLES (INDIA) LTD.
507852,ADDI INDUSTRIES LTD.
507864,PIONEER INVESTCORP LTD.
507872,ASHNOOR TEXTILE MILLS LTD.
507878,UNITECH LTD.
507880,V.I.P.INDUSTRIES LTD.
507910,FIBERWEB (INDIA) LTD.
507912,GYFTR LIMITED
507917,EAST BUILDTECH LTD.
507944,BAJAJ STEEL INDUSTRIES LTD.
507946,KIDUJA INDIA LTD.
507948,KEY CORP LTD.
507960,GUJARAT HOTELS LTD.
507962,FYNX CAPITAL LIMITED
507966,RAS RESORTS & APART HOTELS LTD
507968,JOLLY PLASTIC INDUSTRIES LTD.
507970,PARAMOUNT COSMETICS (INDIA) LT
507981,JINDAL HOTELS LTD.
507998,SIMMONDS MARSHALL LTD.
508486,HAWKINS COOKERS LTD.
508494,WARREN TEA LTD.
508571,COCHIN MALABAR ESTATES & INDUS
508664,BEST EASTERN HOTELS LTD.
508670,NEELAMALAI AGRO INDUSTRIES LTD
508807,IST LTD.
508814,Cosmo First Limited
508867,NEW MARKETS AVENUE LIMITED
508869,APOLLO HOSPITALS ENTERPRISE LT
508875,Nitin Castings Limited
508905,NEXOME CAPITAL MARKETS LIMITED
508906,EVEREST INDUSTRIES LTD.
508918,IRONWOOD EDUCATION LIMITED
508933,AYM Syntex Limited
508941,PANASONIC CARBON INDIA CO.LTD.
508954,FINKURVE FINANCIAL SERVICES LT
508956,HB LEASING & FINANCE CO.LTD.
508961,SHRICON INDUSTRIES LTD.
508969,SULABH ENGINEERS & SERVICES LT
508980,FRONTIER CAPITAL LIMITED
508989,NAVNEET EDUCATION LIMITED
509009,AUSOM ENTERPRISE LIMITED
509015,THAKRAL SERVICES (INDIA) LTD.
509020,RUCHI INFRASTRUCTURE LTD.
509024,GOLDEN LEGAND LEASING & FINANC
509026,VJTF EDUSERVICES LTD.
509038,VOLTAIRE LEASING & FINANCE LTD
509040,NETLINK SOLUTIONS (INDIA) LTD.
509046,TRILIANCE POLYMERS LIMITED
509048,LANCOR HOLDINGS LTD.
509051,INDIAN INFOTECH & SOFTWARE LTD
509053,BANAS FINANCE LTD.
509055,VISAKA INDUSTRIES LTD.
509069,INFOMEDIA PRESS LTD.
509073,HATHWAY BHAWANI CABLETEL & DAT
509079,GUFIC BIOSCIENCES LTD.
509152,GRP LTD.
509162,INDAG RUBBER LTD.
509196,MM RUBBER COMPANY LTD.
509220,PTL ENTERPRISES LTD.
509243,TVS SRICHAKRA LTD.
509423,SANATHNAGAR ENTERPRISES LIMITE
509438,BENARES HOTELS LTD.
509449,BHAGWATI OXYGEN LTD.
509470,BOMBAY OXYGEN INVESTMENTS LIMI
509472,CRAVATEX LTD.
509480,BERGER PAINTS INDIA LTD.
509486,CAPRIHANS INDIA LTD.
509488,GRAPHITE INDIA LTD.
509496,Cemindia Projects Limited
509525,EMPIRE INDUSTRIES LTD.
509546,GRAVISS HOSPITALITY LIMITED
509557,GARWARE TECHNICAL FIBRES LIMIT
509563,GARWARE MARINE INDUSTRIES LTD.
509567,GOA CARBON LTD.
509597,HARDCASTLE & WAUD MFG.CO.LTD.
509631,HEG LTD.
509635,HINDUSTAN COMPOSITES LTD.
509675,BIRLANU LIMITED
509692,INDIAN CARD CLOTHING CO.LTD.
509709,INTERNATIONAL CONVEYORS LTD.
509715,JAY SHREE TEA & INDUSTRIES LTD
509732,KOTHARI INDUSTRIAL CORPORATION
509760,MODERN SHARES & STOCKBROKERS L
509762,MAPRO INDUSTRIES LTD.
509820,HUHTAMAKI INDIA LIMITED
509835,PREMIER SYNTHETICS LTD.
509874,SHALIMAR PAINTS LTD.
509887,SINNAR BIDI UDYOG LTD.
509895,HINDOOSTAN MILLS LTD.
509930,SUPREME INDUSTRIES LTD.
509945,THACKER & CO.LTD.
509953,TRADE WINGS LTD.
509960,U.P.HOTELS LTD.
509966,VST INDUSTRIES LTD.
510245,SWASTI VINAYAKA SYNTHETICS LTD
511000,MSL GLOBAL LIMITED
511012,YAMINI INVESTMENTS COMPANY LTD
511016,PREMIER CAPITAL SERVICES LTD.
511018,MILGREY FINANCE & INVESTMENT L
511034,JINDAL DRILLING & INDUSTRIES L
511066,SAKTHI FINANCE LTD.
511076,AEROFLEX ENTERPRISES LIMITED
511092,JMD Ventures Limited
511108,SHIVA TEXYARN LTD.
511110,V.B.DESAI FINANCIAL SERVICES L
511122,FIRST CUSTODIAN FUND (INDIA) L
511131,KAMANWALA HOUSING CONSTRUCTION
511144,AXIS SOLUTIONS LIMITED
511147,WSFX Global Pay Limited
511153,Anjani Foods Limited
511176,PARSHWANATH CORPORATION LTD.
511187,Millennium Online Solutions (I
511194,ICDS LTD.
511196,CAN FIN HOMES LTD.
511208,IL&FS INVESTMENT MANAGERS LTD.
511218,Shriram Finance Limited
511243,CHOLAMANDALAM INVESTMENT AND F
511246,BOMBAY TALKIES LIMITED
511260,ICONIK SPORTS AND EVENTS LIMIT
511333,VLS FINANCE LTD.
511355,INDIA CEMENTS CAPITAL LTD.
511359,AD-MANUM FINANCE LTD.
511391,INTER GLOBE FINANCE LTD.
511411,SHRISTI INFRASTRUCTURE DEVELOP
511413,CREST
511431,VAKRANGEE LIMITED
511441,GUJARAT CREDIT CORPORATION LTD
511447,Sylph Industries Limited
511451,DHARANI FINANCE LTD.
511463,Alexander Stamps And Coin Limi
511473,INDBANK MERCHANT BANKING SERVI
511493,SHRYDUS INDUSTRIES LIMITED
511501,Bharat Bhushan Finance & Commo
511505,CAPITAL TRUST LTD.
511507,USHAKIRAN FINANCE LTD.
511509,VIVO BIO TECH LTD.
511523,VEERHEALTH CARE LIMITED
511525,PAN INDIA CORPORATION LTD.
511533,SAHARA HOUSINGFINA CORPORATION
511535,NDA SECURITIES LTD.
511539,Supra Trends Limited
511543,GSB FINANCE LTD.
511549,MORARKA FINANCE LTD.
511551,Monarch Networth Capital Limit
511557,PRO FIN CAPITAL SERVICES LTD.
511559,TEAM INDIA GUARANTY LIMITED
511571,Crescentis Capital Limited
511577,Mantra Capital Limited
511585,BEFOUND MOVEMENT LIMITED
511589,AVONMORE CAPITAL & MANAGEMENT
511593,LIBORD FINANCE LTD
511601,YASH MANAGEMENT & SATELLITE LT
511605,ARIHANT CAPITAL MARKETS LTD.
511609,ISL CONSULTING LTD.
511611,DCM FINANCIAL SERVICES LTD.
511626,RR FINANCIAL CONSULTANTS LTD.
511628,FEDDERS HOLDING LIMITED
511630,SAMBHAAV MEDIA LTD.
511636,DJS STOCK & SHARES LTD.
511644,OMEGA INTERACTIVE TECHNOLOGIES
511654,SUGAL & DAMANI SHARE BROKERS L
511658,NETTLINX LTD.
511664,BGIL FILMS & TECHNOLOGIES LTD.
511672,Scan Steels Limited
511676,GIC HOUSING FINANCE LTD.
511692,AJCON GLOBAL SERVICES LTD.
511700,STANDARD CAPITAL MARKETS LTD.
511702,YOGI LIMITED
511710,CUBICAL FINANCIAL SERVICES LTD
511712,RELIC TECHNOLOGIES LTD.
511714,NIMBUS PROJECTS LTD.
511716,Invigorated Business Consultin
511724,BAID FINSERV LIMITED
511726,VIPUL LTD.
511728,K.Z.LEASING & FINANCE LTD.
511740,RUPAREL FOOD PRODUCTS LIMITED
511742,UGRO CAPITAL LIMITED
511754,SHALIBHADRA FINANCE LTD.
511756,ABIRAMI FINANCIAL SERVICES (IN
511758,MANSI FINANCE (CHENNAI) LTD.
511764,Aastamangalam Finance Limited
511766,MUTHOOT CAPITAL SERVICES LTD.
511768,MASTER TRUST LTD.
512008,EFC (I) LIMITED
512014,SOBHAGYA MERCHANTILE LTD.
512018,TOMORROW TECHNOLOGIES GLOBAL I
512020,SARASWATI COMMERCIAL (INDIA) L
512025,ASGARD ALCOBEV LIMITED
512026,VEGA JEWELLERS LIMITED
512036,SKYBIOTECH HEALTHCARE LIMITED
512038,TCC CONCEPT LIMITED
512047,ROYAL INDIA CORPORATION LIMITE
512048,DHANSAFAL FINSERVE LIMITED
512062,TANDHAN INDUSTRIES LIMITED
512064,VISHVPRABHA VENTURES LIMITED
512065,MRUGESH TRADING LTD.
512068,DECCAN GOLD MINES LTD.
512070,UPL LIMITED
512093,CRANES SOFTWARE INTERNATIONAL
512097,SAIANAND COMMERCIAL LIMITED
512103,NIDHI GRANITES LTD.
512109,AVIVA INDUSTRIES LTD.
512115,ROSE MERC.LTD.
512131,SIGNET INDUSTRIES LIMITED
512149,AVANCE TECHNOLOGIES LTD.
512161,SECUREKLOUD TECHNOLOGIES LIMIT
512165,ABANS ENTERPRISES LTD
512169,CAPRICORN SYSTEMS GLOBAL SOLUT
512175,VAMA INDUSTRIES LTD.
512179,SUNTECK REALTY LTD.
512197,SILVER OAK COMMERCIAL LTD.
512217,PRISM MEDICO AND PHARMACY LTD.
512229,VERITAS (INDIA) LTD.
512237,JAI CORP LTD.
512247,ASHIRWAD CAPITAL LTD.
512257,SWASTI VINAYAKA ART AND HERITA
512267,MEDIA MATRIX WORLDWIDE LTD.
512277,AUTORIDERS INTERNATIONAL LTD.
512296,BHAGYANAGAR INDIA LTD.
512301,CHAMBAL BREWERIES & DISTILLERI
512329,SG MART LIMITED
512344,ARAVALI SECURITIES & FINANCE L
512361,CUPID BREWERIES AND DISTILLERI
512379,CRESSANDA RAILWAY SOLUTIONS LI
512381,STARTECK FINANCE LIMITED
512393,SHARDUL SECURITIES LTD.
512399,SERA INVESTMENTS & FINANCE IND
512415,MERCURY TRADE LINKS LTD.
512425,NIRAV COMMERCIALS LTD.
512437,APOLLO FINVEST (INDIA) LTD.
512441,Enbee Trade &amp; Finance Ltd
512443,Ganon Products Limited
512453,SHRI JAGDAMBA POLYMERS LTD.
512455,LLOYDS METALS AND ENERGY LTD.
512463,LLOYDS ENTERPRISES LIMITED
512477,BETEX INDIA LTD.
512479,VIRYA RESOURCES LIMITED
512485,DHANLAXMI COTEX LTD.
512489,OASIS SECURITIES LTD.
512493,GARNET INTERNATIONAL LTD.
512499,SHALIMAR PRODUCTIONS LTD.
512519,DONEAR INDUSTRIES LTD.
512527,SUPER SALES INDIA LTD.
512529,VIYASH SCIENTIFIC LIMITED
512531,STATE TRADING CORPORATION OF I
512553,ZENITH EXPORTS LTD.
512559,KOHINOOR FOODS LTD.
512565,NEELKANTH LIMITED
512573,AVANTI FEEDS LTD.
512587,ZODIAC-JRD-MKJ LTD.
512589,SITA ENTERPRISES LTD.
512591,PULSAR INTERNATIONAL LTD.
512595,Manbro Industries Limited
512597,KEYNOTE FINANCIAL SERVICES LIM
512599,ADANI ENTERPRISES LTD.
512600,ASTAL LABORATORIES LIMITED
512604,HARIA EXPORTS LTD.
512608,BHANDARI HOSIERY EXPORTS LTD.
512618,RLF LTD.
512624,Regent Enterprises Limited
512626,ORBIT EXPORTS LTD.
512634,SAVERA INDUSTRIES LTD.
513005,Chrome Silicon Limited
513023,NAVA LIMITED
513043,REMI EDELSTAHL TUBULARS LIMITE
513059,G.S.AUTO INTERNATIONAL LTD.
513063,TRANS-FREIGHT CONTAINERS LTD.
513097,SHIVALIK BIMETAL CONTROLS LTD.
513108,GANDHI SPECIAL TUBES LTD.
513117,AMFORGE INDUSTRIES LTD.
513119,ONIX SOLAR ENERGY LIMITED
513121,ORICON ENTERPRISES LTD.
513149,ACROW INDIA LTD.
513173,STEEL STRIPS INFRASTRUCTURES L
513228,PENNAR INDUSTRIES LTD.
513250,JYOTI STRUCTURES LTD.
513252,JAY USHIN LTD.
513262,STEEL STRIPS WHEELS LTD.
513269,MAN INDUSTRIES (INDIA) LTD.
513295,IMEC SERVICES LIMITED
513303,MODERN STEELS LTD.
513307,BELDING INDIA LIMITED
513337,GUJARAT TOOLROOM LTD.
513349,AJMERA REALTY & INFRA INDIA LT
513353,COCHIN MINERALS & RUTILE LTD.
513361,India Homes Limited
513369,KRISHANVEER FORGE LIMITED
513375,CARBORUNDUM UNIVERSAL LTD.
513377,MMTC LTD.
513418,SMITHS & FOUNDERS (INDIA) LIMI
513422,BLOOM INDUSTRIES LTD.
513430,Maitri Enterprises Limited
513452,ELANGO INDUSTRIES LTD.
513456,KANISHK STEEL INDUSTRIES LTD.
513460,MAHALAXMI SEAMLESS LTD.
513472,SIMPLEX CASTINGS LTD.
513488,SHREE STEEL WIRE ROPES LTD.
513496,SIZEMASTERS TECHNOLOGY LIMITED
513498,SOUTHERN MAGNESIUM & CHEMICALS
513502,BARODA EXTRUSION LTD.
513507,GUJARAT CONTAINERS LTD.
513509,KALYANI FORGE LTD.
513511,PANCHMAHAL STEEL LTD.
513513,ADITYA ISPAT LTD.
513517,STEELCAST LTD.
513519,PITTI ENGINEERING LIMITED
513528,GLITTEK GRANITES LTD.
513532,PRADEEP METALS LTD.
513536,GUJARAT NATURAL RESOURCES LIMI
513544,MARDIA SAMYOUNG CAPILLARY TUBE
513548,SHARDA ISPAT LTD.
513554,MAHAMAYA STEEL INDUSTRIES LTD.
513566,NOVA IRON & STEEL LTD.
513575,STERLING POWERGENSYS LTD
513579,FOUNDRY FUEL PRODUCTS LTD.
513599,HINDUSTAN COPPER LTD.
513629,TULSYAN NEC LTD.
513642,AXEL POLYMERS LTD.
513683,NLC India Limited
513693,KIC METALIKS LTD.
513699,SOLID STONE COMPANY LTD.
513709,SHILP GRAVURES LTD.
513713,White Organic Agro Limited
513721,MFS INTERCORP LTD.
513729,ARO GRANITE INDUSTRIES LTD.
514010,RUDRA ECOVATION LIMITED
514030,DEEPAK SPINNERS LTD.
514036,LOYAL TEXTILE MILLS LTD.
514043,HIMATSINGKA SEIDE LTD.
514045,BSL LTD.
514060,NEWTRAC FOODS & BEVERAGES LIMI
514087,PBM POLYTEX LTD.
514113,ADINATH TEXTILES LTD.
514138,SURYALATA SPINNING MILLS LTD.
514142,T T LTD.
514162,WELSPUN LIVING LIMITED
514165,INDIAN ACRYLICS LTD.
514167,GANESHA ECOSPHERE LTD.
514171,CEETA INDUSTRIES LTD.
514175,VARDHMAN POLYTEX LTD.
514183,BLACK ROSE INDUSTRIES LTD.
514197,S&T CORPORATION LTD.
514211,SUMEET INDUSTRIES LTD.
514223,RAMGOPAL POLYTEX LTD.
514234,SANGAM (INDIA) LTD.
514238,MKVENTURES CAPITAL LIMITED
514240,Kush Industries Limited
514260,SURBHI INDUSTRIES LTD.
514264,SEASONS TEXTILES LTD.
514266,ZENITH FIBRES LTD.
514272,BHILWARA SPINNERS LTD.
514274,VARVEE GLOBAL LIMITED
514280,SANRHEA TECHNICAL TEXTILES LTD
514286,ASHIMA LTD.
514300,PIONEER EMBROIDERIES LTD.
514302,VIPPY SPINPRO LTD.
514312,JAIHIND INDUSTRIES LIMITED
514316,RAGHUVIR SYNTHETICS LTD.
514318,JATTASHANKAR INDUSTIES LTD.
514322,KAMADGIRI FASHION LTD.
514324,OMNITEX INDUSTRIES (INDIA) LTD
514326,PATSPIN INDIA LTD.
514330,ONE GLOBAL SERVICE PROVIDER LI
514332,NEO INFRACON LTD.
514336,CCME GLOBAL LIMITED
514354,PREMIER POLYFILM LTD.
514358,EVERLON FINANCIALS LIMITED
514360,K&R RAIL ENGINEERING LIMITED
514378,YARN SYNDICATE LTD.
514386,GUJARAT COTEX LTD.
514400,GARWARE SYNTHETICS LTD.
514402,ECO HOTELS AND RESORTS LIMITED
514412,SARUP INDUSTRIES LTD.
514414,OXFORD INDUSTRIES LTD.
514418,MANGALAM ORGANICS LIMITED
514428,HINDUSTAN ADHESIVES LTD.
514440,Blue Pearl Agriventures Limite
514442,SRI KPR INDUSTRIES LTD.
514448,JYOTI RESINS & ADHESIVES LTD.
514450,MAHALAXMI RUBTECH LTD.
514454,SOUTHERN LATEX LTD.
514470,WINSOME TEXTILE INDUSTRIES LTD
515008,MODERN INSULATORS LTD.
515018,REGENCY CERAMICS LTD.
515030,ASAHI INDIA GLASS LTD.
515037,MURUDESHWAR CERAMICS LTD.
515043,SAINT-GOBAIN SEKURIT INDIA LTD
515055,ANANT RAJ LIMITED
515059,MADHUSUDAN INDUSTRIES LTD.
515085,RESTILE CERAMICS LTD.
515093,MADHAV MARBLES & GRANITES LTD.
515147,HALDYN GLASS LTD
516003,DUROPLY INDUSTRIES LIMITED
516016,SHREYANS INDUSTRIES LTD.
516020,AGIO PAPER & INDUSTRIES LTD.
516022,STAR PAPER MILLS LTD.
516030,PAKKA LIMITED
516032,TAHMAR ENTERPRISES LIMITED
516038,KS Smart Technologies Limited
516062,NATIONAL PLYWOOD INDUSTRIES LT
516064,Arrow Greentech Limited
516072,VISHNU CHEMICALS LTD.
516078,JUMBO BAG LTD.
516082,N.R.AGARWAL INDUSTRIES LTD.
516096,SANGAL PAPERS LTD.
516098,VENTURA TEXTILES LTD.
516106,SHREE KARTHIK PAPERS LTD.
516108,SOUTH INDIA PAPER MILLS LTD.
516110,FAMILY CARE HOSPITALS LIMITED
517015,VINDHYA TELELINKS LTD.
517035,RIR POWER ELECTRONICS LIMITED
517041,ADOR WELDING LTD.
517059,SALZER ELECTRONICS LTD.
517063,JETKING INFOTRAIN LTD.
517096,APLAB LTD.
517119,PCS TECHNOLOGY LTD.
517146,USHA MARTIN LTD.
517166,SPEL SEMICONDUCTOR LTD.
517168,SUBROS LTD.
517170,Edvenswa Enterprises Limited
517172,Pervasive Commodities Limited
517174,HONEYWELL AUTOMATION INDIA LTD
517201,SWITCHING TECHNOLOGIES GUNTHER
517206,LUMAX INDUSTRIES LTD.
517214,DIGISPICE TECHNOLOGIES LIMITED
517230,AURIQUE LIMITED
517236,CALCOM VISION LTD.
517238,DYNAVISION LTD.
517246,BCC FUBA INDIA LTD.
517258,PRECISION ELECTRONICS LTD.
517264,FINE-LINE CIRCUITS LTD.
517271,HBL ENGINEERING LIMITED
517273,S&S POWER SWITCHGEAR LTD.
517286,RNIT AI SOLUTIONS LIMITED
517288,Gujarat Poly Electronics Limit
517300,GUJARAT INDUSTRIES POWER CO.LT
517320,MAGNUS STEEL AND INFRA LIMITED
517334,Samvardhana Motherson Internat
517336,MODERN MALLEABLES LTD.
517344,MINDTECK (INDIA) LTD.
517354,HAVELLS INDIA LTD.
517356,ACI INFOCOM LTD.
517360,SBEC SYSTEMS (INDIA) LTD.
517370,INCAP LTD.
517372,GUJARAT INTRUX LTD.
517380,IGARASHI MOTORS INDIA LTD.
517385,SYMPHONY LIMITED
517393,REGANTO ENTERPRISES LIMITED
517397,PAN ELECTRONICS INDIA LTD.
517399,VXL INSTRUMENTS LTD.
517411,SHYAM TELECOM LTD.
517415,LEE & NEE SOFTWARES (EXPORTS)
517417,PATELS AIRTEMP (INDIA) LTD.
517421,BUTTERFLY GANDHIMATHI APPLIANC
517429,Athena Global Technologies Lim
517431,NARMADA MACPLAST DRIP IRRIGATI
517447,R.S.SOFTWARE INDIA LTD.
517449,MAGNA ELECTRO CASTINGS LTD.
517467,MARSONS LIMITED
517477,ELNET TECHNOLOGIES LTD.
517494,ACCEL LIMITED
517498,WEBSOL ENERGY SYSTEM LTD.
517500,ROTO PUMPS LTD.
517506,TTK PRESTIGE LTD.
517514,D&H INDIA LTD
517522,RAJRATAN GLOBAL WIRE LTD.
517530,SURANA TELECOM AND POWER LIMIT
517536,ONWARD TECHNOLOGIES LTD.
517544,CENTUM ELECTRONICS LTD.
517546,ALFA TRANSFORMERS LTD.
517554,NHC FOODS LTD.
517556,PVP VENTURES LTD.
517562,TRIGYN TECHNOLOGIES LTD.
517569,KEI INDUSTRIES LTD.
518011,KEERTHI INDUSTRIES LTD.
518053,Sri Chakra Cement Limited
518075,SURAJ PRODUCTS LTD.
518091,ANJANI PORTLAND CEMENT LTD.
519003,MODI NATURALS LIMITED
519031,SHAH FOODS LTD.
519064,KHANDELWAL EXTRACTION LTD.
519091,TASTY BITE EATABLES LTD.
519097,RITESH INTERNATIONAL LTD.
519105,AVT NATURAL PRODUCTS LTD.
519126,HINDUSTAN FOODS LTD.
519136,NAHAR INDUSTRIAL ENTERPRISES L
519152,VADILAL ENTERPRISES LTD.
519156,VADILAL INDUSTRIES LTD.
519174,ASHIANA AGRO INDUSTRIES LTD.
519183,ADF FOODS LTD.
519191,Retro Green Revolution Limited
519214,WILLIAMSON FINANCIAL SERVICES
519216,AJANTA SOYA LTD.
519224,WILLIAMSON MAGOR & COMPANY LTD
519230,KISAAN PARIVAR INDUSTRIES LIMI
519234,SUPERIOR INDUSTRIAL ENTERPRISE
519238,SAPTARISHI AGRO INDUSTRIES LTD
519260,SANWARIA CONSUMER LIMITED
519262,PRIMA AGRO LTD.
519279,MADHUR INDUSTRIES LTD.
519285,TARAI FOODS LTD.
519287,MODERN DAIRIES LTD.
519295,BAMBINO AGRO INDUSTRIES LTD.
519299,PRIME INDUSTRIES LTD.
519307,VIKAS WSP LTD.
519331,VSF PROJECTS LTD.
519353,BANSISONS TEA INDUSTRIES LTD.
519359,POONA DAL & OIL INDUSTRIES LTD
519367,TRANSGLOBE FOODS LTD.
519383,ANIK INDUSTRIES LTD.
519397,SHARAT INDUSTRIES LTD.
519421,KSE LTD.
519457,VIRAT CRANE INDUSTRIES LTD.
519463,IB INFOTECH ENTERPRISES LTD.
519471,Ambar Protein Industries Limit
519477,CIAN Agro Ind & Infra Ltd
519479,OMEGA AG-SEEDS (PUNJAB) LTD.
519483,TAI INDUSTRIES LTD.
519500,BKV INDUSTRIES LTD.
519506,NCC BLUE WATER PRODUCTS LTD.
519528,NORBEN TEA & EXPORTS LTD.
519532,ASIAN TEA & EXPORTS LTD.
519552,HERITAGE FOODS LIMITED
519566,SIMRAN FARMS LTD.
519574,HINDUSTAN AGRIGENETICS LTD.
519600,CCL PRODUCTS (INDIA) LTD.
519602,KELLTON TECH SOLUTIONS LTD.
519604,SURYO FOODS & INDUSTRIES LTD.
519606,INTEGRATED PROTEINS LTD.
519612,LAKE SHORE REALTY LIMITED
520008,RICO AUTO INDUSTRIES LTD.
520021,OMAX AUTOS LTD.
520043,MUNJAL SHOWA LTD.
520051,JAMNA AUTO INDUSTRIES LTD.
520056,TVS Holdings Limited
520057,JTEKT India Ltd
520059,MUNJAL AUTO INDUSTRIES LTD.
520066,JAY BHARAT MARUTI LTD.
520073,RACL Geartech Limited
520075,SAMKRG PISTONS & RINGS LTD.
520086,SICAL LOGISTICS LTD.
520111,RATNAMANI METALS & TUBES LTD.
520113,VESUVIUS INDIA LTD.
520119,AUTOMOTIVE STAMPINGS & ASSEMBL
520123,ABC INDIA LTD.
520127,BALURGHAT TECHNOLOGIES LTD.
520131,COASTAL ROADWAYS LTD.
520141,SIBAR AUTO PARTS LTD.
520151,TRANSWORLD SHIPPING LINES LIMI
520155,Starlog Enterprises Limited
521005,TITAN INTECH LIMITED
521014,EUROTEX INDUSTRIES & EXPORTS L
521016,INDO COUNT INDUSTRIES LTD.
521034,SOMA TEXTILES & INDUSTRIES LTD
521036,SOURCE INDUSTRIES (INDIA) LTD.
521048,ADVANCE LIFESTYLES LTD.
521054,KAKATIYA TEXTILES LTD.
521062,PERFECT-OCTAVE MEDIA PROJECTS
521064,TRIDENT LTD.
521070,ALOK INDUSTRIES LTD.
521097,AMARJOTHI SPINNING MILLS LTD.
521105,OLYMPIA INDUSTRIES LTD.
521109,NAGREEKA EXPORTS LTD.
521113,SUDITI INDUSTRIES LTD.
521131,Shree Bhavya Fabrics Limited
521137,EUREKA INDUSTRIES LTD.
521141,ADITYA SPINNERS LTD.
521149,PRIME URBAN DEVELOPMENT INDIA
521161,SRI LAKSHMI SARASWATHI TEXTILE
521163,ZODIAC CLOTHING CO.LTD.
521167,MAXGROW INDIA LIMITED
521178,SRI RAMAKRISHNA MILLS (COIMBAT
521180,SUPER SPINNING MILLS LTD.
521194,SIL INVESTMENTS LTD.
521200,SURYALAKSHMI COTTON MILLS LTD.
521206,SAMTEX FASHIONS LTD.
521216,DHANALAXMI ROTO SPINNERS LTD.
521220,DAMODAR INDUSTRIES LTD.
521222,SANBLUE CORPORATION LTD.
521226,UNIROYAL INDUSTRIES LTD.
521228,TATIA GLOBAL VENNTURE LTD.
521232,SUNIL INDUSTRIES LTD.
521234,SRI NACHAMMAI COTTON MILLS LTD
521238,BHARAT GLOBAL DEVELOPERS LIMIT
521244,MKP Mobility Limited
521246,PARAS PETROFILS LTD.
521248,KITEX GARMENTS LTD.
522001,CRANEX LTD.
522004,BATLIBOI LTD.
522005,AUSTIN ENGINEERING CO.LTD.
522014,UNITED DRILLING TOOLS LTD.
522017,FLUIDOMAT LTD.
522027,EMA INDIA LTD.
522029,WINDSOR MACHINES LTD.
522034,SHANTHI GEARS LTD.
522064,HONDA INDIA POWER PRODUCTS LIM
522074,ELGI EQUIPMENTS LTD.
522091,UNITED VAN DER HORST LTD.
522101,KILBURN ENGINEERING LTD.
522105,BIRLA PRECISION TECHNOLOGIES L
522108,YUKEN INDIA LTD.
522113,TIMKEN INDIA LTD.
522122,VOITH PAPER FABRICS INDIA LTD.
522134,ARTSON LIMITED
522152,SOLITAIRE MACHINE TOOLS LTD.
522163,DIAMOND POWER INFRASTRUCTURE L
522165,INDSIL HYDRO POWER AND MANGANE
522183,ITL INDUSTRIES LTD.
522195,FRONTIER SPRINGS LTD.
522205,PRAJ INDUSTRIES LTD.
522207,RASANDIK ENGINEERING INDUSTRIE
522209,YOGI SUNG-WON (INDIA) LTD.
522215,HLE GLASCOAT LIMITED
522217,GUJARAT APOLLO INDUSTRIES LTD.
522229,TANEJA AEROSPACE & AVIATION LT
522231,CONART ENGINEERS LTD.
522235,MINAL INDUSTRIES LIMITED
522241,M.M.FORGINGS LTD.
522249,MAYUR UNIQUOTERS LTD.
522251,CENLUB INDUSTRIES LTD.
522257,RAJOO ENGINEERS LTD.
522261,DOLPHIN OFFSHORE ENTERPRISES (
522267,VEEJAY LAKSHMI ENGINEERING WOR
522273,AHMEDABAD STEELCRAFT LTD.
522275,GE Vernova T&D India Limited
522281,RAM RATNA WIRES LTD.
522285,JAYASWAL NECO INDUSTRIES LTD.
522287,KALPATARU PROJECTS INTERNATION
522289,NMS GLOBAL LIMITED
522292,CANDOUR TECHTEX LIMITED
522294,T & I GLOBAL LTD.
522295,CONTROL PRINT LIMITED
522650,BEMCO HYDRAULICS LTD.
523007,ANSAL BUILDWELL LTD.
523011,WEIZMANN LTD.
523019,B.N.RATHI SECURITIES LTD.
523021,RISHI TECHTEX LTD.
523023,SINCLAIRS HOTELS LIMITED
523025,SAFARI INDUSTRIES (INDIA) LTD.
523054,BINAYAK TEX PROCESSORS LTD.
523062,J.J.FINANCE CORPORATION LTD.
523100,COSMO FERRITES LTD.
523105,CROPSTER AGRO LIMITED
523116,SANCO TRANS LTD.
523120,THRIVE FUTURE HABITATS LIMITED
523127,EIH ASSOCIATED HOTELS LTD.
523144,MEDI-CAPS LTD.
523151,OTCO INTERNATIONAL LTD.
523160,FOSECO CRUCIBLE INDIA LIMITED
523186,B&A PACKAGING INDIA LIMITED
523204,ABAN OFFSHORE LTD.
523207,KOKUYO CAMLIN LTD.
523222,SRM ENERGY LTD.
523229,BHARAT SEATS LTD.
523232,CONTINENTAL PETROLEUMS LTD.
523242,NB FOOTWEAR LTD.
523248,MACHINO PLASTICS LTD.
523260,PEARL POLYMERS LTD.
523261,VENKYS (INDIA) LTD.
523269,ADVANI HOTELS & RESORTS (INDIA
523277,GV FILMS LTD.
523283,SUPERHOUSE LTD.
523289,RAMA VISION LTD.
523301,TCPL PACKAGING LTD.
523309,SHRI GANG INDUSTRIES AND ALLIE
523319,BALMER LAWRIE AND COMPANY LIMI
523323,KOVAI MEDICAL CENTER & HOSPITA
523329,ELDECO HOUSING & INDUSTRIES LT
523367,DCM SHRIRAM LIMITED
523369,DCM SHRIRAM INDUSTRIES LTD.
523371,MAWANA SUGARS LTD.
523373,MINI DIAMONDS (INDIA) LTD.
523384,MAHA RASHTRA APEX CORPORATION
523385,NILKAMAL LTD.
523387,HOMRE LIMITED
523391,NAHAR POLYFILMS LTD.
523395,3M INDIA LTD.
523398,BOSCH HOME COMFORT INDIA LIMIT
523405,JM FINANCIAL LTD.
523411,ADC INDIA COMMUNICATIONS LIMIT
523419,TAMILNADU TELECOMMUNICATIONS L
523445,RELIANCE INDUSTRIAL INFRASTRUC
523457,Linde India Limited
523465,IND BANK HOUSING LTD.
523467,JAI MATA GLASS LTD.
523475,LOTUS CHOCOLATE CO.LTD.
523483,PACIFIC INDUSTRIES LTD.
523489,CHENNAI MEENAKSHI MULTISPECIAL
523519,UNIVERSAL OFFICE AUTOMATION LT
523537,APM INDUSTRIES LTD.
523539,PRECISION WIRES INDIA LTD.
523550,KRYPTON INDUSTRIES LTD.
523558,SWISS MILITARY CONSUMER GOODS
523566,MARTIN BURN LTD.
523574,Future Enterprises Limited
523586,INDIAN TONERS & DEVELOPERS LTD
523594,KUNSTSTOFFE INDUSTRIES LTD.
523598,SHIPPING CORPORATION OF INDIA
523606,SIKA INTERPLANT SYSTEMS LTD.
523610,ITI LTD.
523618,DREDGING CORPORATION OF INDIA
523620,PHAARMASIA LTD.
523630,NATIONAL FERTILIZERS LTD.
523638,IP RINGS LTD.
523642,P.I.INDUSTRIES LTD.
523648,PLASTIBLENDS INDIA LTD.
523650,YASH INNOVENTURES LIMITED
523660,WATERBASE LTD.
523672,FLEX FOODS LTD.
523676,GOLKUNDA DIAMONDS & JEWELLERY
523694,APCOTEX INDUSTRIES LTD.
523696,FORTIS MALAR HOSPITALS LIMITED
523704,MASTEK LTD.
523708,EIMCO ELECON (INDIA) LTD.
523710,SAYAJI HOTELS LIMITED
523716,ASHIANA HOUSING LTD.
523722,SVAM SOFTWARE LTD.
523732,ECOBOARD INDUSTRIES LTD.
523736,Dhunseri Ventures Limited
523752,TRANS INDIA HOUSE IMPEX LIMITE
523754,MAHINDRA EPC IRRIGATION LIMITE
523782,Mitshi India Limited
523790,SHUKRA JEWELLERS LTD.
523792,MAZDA LTD.
523796,VICEROY HOTELS LTD.
523826,SOVEREIGN DIAMONDS LTD.
523828,MENON BEARINGS LTD.
523832,MUKAT PIPES LTD.
523836,GUJARAT RAFFIA INDUSTRIES LTD.
523838,SIMPLEX INFRASTRUCTURES LTD.
523840,INNOVATIVE TECH PACK LTD.
523842,SUPER TANNERY LIMITED
523850,AXTEL INDUSTRIES LTD.
523862,GRAND OAK CANYONS DISTILLERY L
523874,East India Drums and Barrels M
523888,MEGAMONT LIMITED
524000,POONAWALLA FINCORP LIMITED
524019,Kingfa Science & Technology (I
524031,PATIDAR BUILDCON LIMITED
524037,RAMA PHOSPHATES LTD.
524038,VENLON ENTERPRISES LTD.
524051,POLYPLEX CORPORATION LTD.
524075,ALBERT DAVID LTD.
524080,HARYANA LEATHER CHEMICALS LTD.
524091,CARYSIL LIMITED
524109,KABRA EXTRUSIONTECHNIK LTD.
524129,VINYL CHEMICALS (INDIA) LTD.
524136,PEE CEE COSMA SOPE LTD.
524164,IOL CHEMICALS & PHARMACEUTICAL
524174,KESAR PETROPRODUCTS LTD.
524200,VINATI ORGANICS LTD.
524202,LACTOSE (INDIA) LTD.
524204,TEESTA AGRO INDUSTRIES LTD.
524208,AARTI INDUSTRIES LTD.
524210,PENTOKEY ORGANY (INDIA) LTD.
524212,WANBURY LTD.
524218,RESONANCE SPECIALTIES LTD.
524226,GUJARAT AMBUJA EXPORTS LTD.
524230,RASHTRIYA CHEMICALS & FERTILIZ
524238,GUJARAT INJECT (KERALA) LTD.
524280,KOPRAN LTD.
524288,AIMCO PESTICIDES LTD.
524314,GUJARAT TERCE LABORATORIES LTD
524322,KABRA DRUGS LTD.
524324,SEYA INDUSTRIES LTD.
524330,JAYANT AGRO-ORGANICS LTD.
524332,BCL INDUSTRIES LIMITED
524336,SHREE HARI CHEMICALS EXPORT LT
524342,INDO BORAX & CHEMICALS LTD.
524348,AARTI DRUGS LTD.
524370,BODAL CHEMICALS LTD.
524372,Orchid Pharma Limited
524394,VIMTA LABS LTD.
524396,BIOFIL CHEMICALS & PHARMACEUTI
524400,ISHITA DRUGS & INDUSTRIES LTD.
524404,MARKSANS PHARMA LTD.
524408,UNIVERSAL STARCH-CHEM ALLIED L
524412,AAREY DRUGS & PHARMACEUTICALS
524414,NORRIS MEDICINES LTD.
524434,ASIAN PETROPRODUCTS & EXPORTS
524440,CAMEX LTD.
524444,EVEXIA LIFECARE LIMITED
524458,INDO EURO INDCHEM LTD.
524470,SYNCOM FORMULATIONS (INDIA) LT
524480,RIDDHI SIDDHI GLUCO BIOLS LTD.
524488,SVC INDUSTRIES LIMITED
524494,IPCA LABORATORIES LTD.
524500,KILITCH DRUGS (INDIA) LTD.
524502,RAAJ MEDISAFE INDIA LTD.
524506,CORAL LABORATORIES LTD.
524516,BACIL PHARMA LTD.
524518,KREBS BIOCHEMICALS & INDUSTRIE
524520,KMC SPECIALITY HOSPITALS (INDI
524522,LAFFANS PETROCHEMICALS LTD.
524534,BHASKAR AGROCHEMICALS LTD.
524542,SUKHJIT STARCH & CHEMICALS LTD
524548,SHARMA EAST INDIA HOSPITALS &
524558,NEULAND LABORATORIES LTD.
524564,GAYATRI BIOORGANICS LTD.
524570,PODDAR PIGMENTS LTD.
524572,PHARMAIDS PHARMACEUTICALS LTD.
524576,VIVID GLOBAL INDUSTRIES LTD.
524580,PRIYA LTD.
524582,TIRUPATI STARCH & CHEMICALS LT
524592,JAYSYNTH ORGOCHEM LIMITED
524594,Aeonx Digital Technology Limit
524598,AKSHARCHEM (INDIA) LTD.
524602,BANDARAM PHARMA PACKTECH LIMIT
524604,ADLINE CHEM LAB LIMITED
524606,BERYL DRUGS LTD.
524614,IEL LIMITED
524622,ISTREET NETWORK LIMITED
524624,GAGAN GASES LTD.
524628,PARKER AGROCHEM EXPORTS LTD.
524632,Shukra Pharmaceuticals Limited
524634,ALUFLUORIDE LTD.
524636,OXYGENTA PHARMACEUTICAL LIMITE
524640,ARCHIT ORGANOSYS LTD.
524648,INDO AMINES LTD.
524654,NATURAL CAPSULES LTD.
524661,WELCURE DRUGS & PHARMACEUTICAL
524663,BHARAT IMMUNOLOGICALS & BIOLOG
524667,SAVITA OIL TECHNOLOGIES LTD.
524669,HESTER BIOSCIENCES LTD.
524675,KABSONS INDUSTRIES LTD.
524687,BASANT AGRO TECH (INDIA) LTD.
524703,SANDU PHARMACEUTICALS LTD.
524709,NACL Industries Limited
524711,VISTA PHARMACEUTICALS LTD.
524715,SUN PHARMACEUTICAL INDUSTRIES
524717,TITAN BIOTECH LTD.
524723,Arvaya Healthcare Limited
524727,Span Divergent Limited
524731,JENBURKT PHARMACEUTICALS LTD.
524735,HIKAL LTD.
524742,CAPLIN POINT LABORATORIES LTD.
524743,FISCHER MEDICAL VENTURES LIMIT
524748,LINK PHARMA CHEM LTD.
524752,DECIPHER LABS LIMITED
524768,EMMESSAR BIOTECH & NUTRITION L
524774,NGL FINE-CHEM LTD.
524790,EVEREST ORGANICS LTD.
524804,AUROBINDO PHARMA LTD.
524808,PHYTO CHEM (INDIA) LTD.
524816,NATCO PHARMA LTD.
524818,DYNAMIC INDUSTRIES LTD.
524820,PANAMA PETROCHEM LTD.
524824,BAL PHARMA LTD.
524828,BDH INDUSTRIES LTD.
526001,JAUSS POLYMERS LTD.
526025,GLOBUS CONSTRUCTORS & DEVELOPE
526027,CUBEX TUBINGS LTD.
526043,POLYMECHPLAST MACHINES LTD.
526071,STELLANT SECURITIES (INDIA) LT
526073,GALAXY BEARINGS LTD.
526075,REKVINA LABORATORIES LTD.
526081,SC Agrotech Limited
526095,RAVILEELA GRANITES LTD.
526113,UNIROYAL MARINE EXPORTS LTD.
526117,SHERVANI INDUSTRIAL SYNDICATE
526125,BN AGROCHEM LIMITED
526133,SUPERTEX INDUSTRIES LTD.
526137,SHETRON LTD.
526139,TRANSGENE BIOTEK LTD.
526143,MPL PLASTICS LTD.
526159,NIKHIL ADHESIVES LTD.
526161,SPENTA INTERNATIONAL LTD.
526169,MULTIBASE INDIA LTD.
526173,ANDREW YULE & COMPANY LTD.
526179,LUDLOW JUTE & SPECIALITIES LTD
526187,ASHRAM ONLINE.COM LTD.
526193,ROYAL CUSHION VINYL PRODUCTS L
526211,SURAJ INDUSTRIES LTD.
526217,Hitech Corporation Limited
526227,FILATEX INDIA LTD.
526231,STANDARD SURFACTANTS LTD.
526237,MORGAN VENTURES LTD.
526241,AMRAPALI INDUSTRIES LTD.
526247,PREMIER EXPLOSIVES LTD.
526251,MID EAST PORTFOLIO MANAGEMENT
526263,MOLD-TEK TECHNOLOGIES LTD.
526269,CRESTCHEM LTD.
526299,MPHASIS LTD.
526315,DIVYASHAKTI LIMITED
526325,ORIENT PRESS LTD.
526335,SHREYAS INTERMEDIATES LTD.
526345,PANJON LTD.
526355,DUROPACK LTD.
526365,SWARNSARITA JEWELS INDIA LIMIT
526367,GANESH HOUSING LIMITED
526371,NMDC LTD.
526373,CINDRELLA HOTELS LTD.
526381,PATEL INTEGRATED LOGISTICS LTD
526397,ALPHAGEO (INDIA) LTD.
526407,HAMPTON SKY REALTY LIMITED
526409,KKALPANA INDUSTRIES (INDIA) LT
526415,OK PLAY INDIA LTD.
526423,KRITI INDUSTRIES (INDIA) LTD.
526433,ASM TECHNOLOGIES LTD.
526435,PERFECTPAC LTD.
526441,VISION CINEMAS LTD.
526443,Artificial Electronics Intelli
526445,INDRAYANI BIOTECH LTD.
526468,EURO LEDER FASHION LTD.
526471,WINSOME BREWERIES LTD.
526473,ELEGANT FLORICULTURE & AGROTEC
526477,SOUTH ASIAN ENTERPRISES LTD.
526479,SKY INDUSTRIES LTD.
526481,PHOENIX INTERNATIONAL LTD.
526488,BHUDEVI INFRA PROJECTS LIMITED
526490,PRATIK PANELS LTD.
526492,Rishiroop Limited
526494,Promact Plastics Limited
526500,STERLING GREEN WOODS LTD.
526506,SYSTEMATIX CORPORATE SERVICES
526508,Shahi Shipping Limited
526519,ALPINE HOUSING DEVELOPMENT COR
526530,IIRM HOLDINGS INDIA LIMITED
526532,SQUARE FOUR PROJECTS INDIA LIM
526544,SGL RESOURCES LIMITED
526546,CHOKSI LABORATORIES LTD.
526550,COUNTRY CLUB HOSPITALITY AND H
526554,SALGUTI INDUSTRIES LTD.
526570,MIDWEST ENERGY LIMITED
526574,ENTERPRISE INTERNATIONAL LTD.
526582,TPL PLASTECH LTD.
526588,PHOTOQUIP INDIA LTD.
526596,LIBERTY SHOES LTD.
526604,LIPPI SYSTEMS LTD.
526608,ELECTROTHERM (INDIA) LTD.
526612,BLUE DART EXPRESS LTD.
526614,EXPO ENGINEERING AND PROJECTS
526616,NATIONAL PLASTIC INDUSTRIES LT
526622,MFL INDIA LTD.
526638,TEXEL INDUSTRIES LTD.
526640,ROYALE MANOR HOTELS & INDUSTRI
526642,MIRZA INTERNATIONAL LTD.
526650,TOURISM FINANCE CORPORATION OF
526654,THAKKERS DEVELOPERS LTD.
526662,RAJDARSHAN INDUSTRIES LTD.
526666,BHARTIYA INTERNATIONAL LTD.
526668,KAMAT HOTELS (INDIA) LTD.
526675,TIRTH PLASTIC LTD.
526677,DSJ KEEP LEARNING LIMITED
526703,ECOPLAST LTD.
526705,ELEGANT MARBLES & GRANI INDUST
526709,BITS LTD.
526711,ADARSH PLANT PROTECT LTD.
526717,HCP PLASTENE BULKPACK LIMITED
526721,NICCO PARKS & RESORTS LTD.
526723,NTC INDUSTRIES LTD.
526725,SANDESH LTD.
526727,GARNET CONSTRUCTION LTD.
526729,GOLDIAM INTERNATIONAL LTD.
526731,BRIGHT BROTHERS LTD.
526739,NARMADA GELATINES LTD.
526747,PG FOILS LTD.
526755,VELAN HOTELS LTD.
526761,HOWARD HOTELS LTD.
526775,VALIANT COMMUNICATIONS LTD.
526783,DR.AGARWALS EYE HOSPITAL LTD.
526797,GREENPLY INDUSTRIES LTD.
526807,SEAMEC LTD.
526813,RAGHUNATH INTERNATIONAL LTD.
526817,CHEVIOT CO.LTD.
526821,DAI-ICHI KARKARIA LTD.
526823,RAJESWARI INFRASTRUCTURE LIMIT
526827,SPICE ISLANDS INDUSTRIES LIMIT
526829,CONFIDENCE PETROLEUM INDIA LTD
526839,SHELTER INFRA PROJECTS LTD.
526841,SHAKTI PRESS LTD.
526847,ASHIRWAD STEELS & INDUSTRIES L
526849,BANARAS BEADS LTD.
526851,AREX INDUSTRIES LTD.
526853,BILCARE LTD.
526859,ISF LIMITED
526861,RISHI LASER LTD.
526865,JAINCO PROJECTS (INDIA) LTD.
526869,KUMBHAT FINANCIAL SERVICES LTD
526871,INTEC CAPITAL LTD.
526873,RAJASTHAN SECURITIES LIMITED
526877,SIDDHESWARI GARMENTS LTD.
526881,63 Moons Technologies Limited
526885,SARLA PERFORMANCE FIBERS LTD.
526887,INDO CREDIT CAPITAL LTD.
526891,MARKET CREATORS LTD.
526899,HIMALAYA FOOD INTERNATIONAL LI
526901,SONAL ADHESIVES LTD.
526905,Padmanabh Industries Ltd
526921,TWENTYFIRST CENTURY MANAGEMENT
526931,HARIYANA SHIP BREAKERS LTD.
526935,Kalind Limited
526941,VAISHNO CEMENT CO.LTD.
526947,LA OPALA RG LTD.
526951,STYLAM INDUSTRIES LIMITED
526953,VENUS REMEDIES LTD.
526961,LAST MILE ENTERPRISES LIMITED
526965,GUJARAT CRAFT INDUSTRIES LTD.
526967,HEERA ISPAT LTD.
526971,DHOOT INDUSTRIAL FINANCE LTD.
526981,SHRI BAJRANG ALLIANCE LIMITED
526987,URJA GLOBAL LTD.
527001,ASHAPURA MINECHEM LTD.
527005,SHREE PACETRONIX LTD.
530001,GUJARAT ALKALIES & CHEMICALS L
530005,INDIA CEMENTS LTD.
530007,JK TYRE & INDUSTRIES LTD.
530017,STANDARD INDUSTRIES LTD.
530019,JUBILANT PHARMOVA LIMITED
530023,THE INVESTMENT TRUST OF INDIA
530025,SAMYAK INTERNATIONAL LTD.
530027,AADI INDUSTRIES LTD.
530037,SPARKLE GOLD ROCK LIMITED
530043,ACKNIT INDUSTRIES LTD.
530045,TITAN SECURITIES LTD.
530053,REAL ECO-ENERGY LIMITED
530057,Vivanza Biosciences Limited
530063,YASHRAJ CONTAINEURS LTD.
530065,LORDS ISHWAR HOTELS LIMITED
530067,CSL Finance Limited
530073,SANGHVI MOVERS LTD.
530075,Antelopus Selan Energy Limited
530077,PURETROP FRUITS LIMITED
530079,FAZE THREE LTD.
530109,ANUPAM FINSERV LIMITED
530111,RAJ PACKAGING INDUSTRIES LTD.
530117,PRIVI SPECIALITY CHEMICALS LIM
530119,NATRAJ PROTEINS LTD.
530125,SAMRAT PHARMACHEM LTD.
530129,NILE LTD.
530133,AMCO INDIA LTD.
530135,OPTIEMUS INFRACOM LTD
530139,KREON FINNANCIAL SERVICES LTD.
530141,GYAN DEVELOPERS & BUILDERS LTD
530145,KISAN MOULDINGS LTD.
530163,KERALA AYURVEDA LTD.
530167,MOONGIPA CAPITAL FINANCE LTD.
530169,MOHIT PAPER MILLS LTD.
530171,DAULAT SECURITIES LTD.
530175,ODYSSEY TECHNOLOGIES LTD.
530179,RSC INTERNATIONAL LTD.
530185,Surat Trade and Mercantile Lim
530187,ATHARV ENTERPRISES LTD.
530197,FUNDVISER CAPITAL (INDIA) LIMI
530199,THEMIS MEDICARE LTD.
530201,KALLAM TEXTILES LTD
530207,BRAWN BIOTECH LTD.
530213,FORTUNE INTERNATIONAL LTD.
530215,KINGS INFRA VENTURES LIMITED
530217,SWOJAS FOODS LIMITED
530219,Nutricircle Limited
530233,AURO LABORATORIES LTD.
530235,KJMC FINANCIAL SERVICES LTD.
530239,SUVEN LIFE SCIENCES LTD.
530245,ARYAMAN FINANCIAL SERVICES LTD
530249,BRIDGE SECURITIES LTD.
530251,RISA INTERNATIONAL LTD.
530253,RAJASTHAN TUBE MANUFACTURING C
530255,KAY POWER AND PAPER LTD.
530259,INTER STATE OIL CARRIER LTD.
530263,GLOBAL CAPITAL MARKETS LTD.
530265,SAINIK FINANCE & INDUSTRIES LT
530267,ARIGATO UNIVERSE LIMITED
530271,RICH UNIVERSE NETWORK LTD.
530281,QUANTUM DIGITAL VISION (INDIA)
530289,SP CAPITAL FINANCING LTD.
530291,PAOS INDUSTRIES LIMITED
530299,KOTHARI PRODUCTS LTD.
530305,PICCADILY AGRO INDUSTRIES LTD.
530307,CHAMAN LAL SETIA EXPORTS LIMIT
530309,CHANDRA PRABHU INTERNATIONAL L
530313,KIMIA BIOSCIENCES LIMITED
530315,HINDUSTAN TIN WORKS LTD.
530317,GODAVARI DRUGS LTD.
530331,PREMCO GLOBAL LTD.
530341,MUKESH BABU FINANCIAL SERVICES
530343,GENUS POWER INFRASTRUCTURES LT
530355,ASIAN ENERGY SERVICES LTD
530357,KBS INDIA LIMITED
530361,PRABHHANS INDUSTRIES LIMITED
530363,UGAR SUGAR WORKS LTD.
530365,ORIENT BELL LIMITED
530367,NRB BEARINGS LTD.
530369,VAMSHI RUBBER LTD.
530377,NILA INFRASTRUCTURES LTD.
530393,DB (INTERNATIONAL) STOCK BROKE
530401,VINYOFLEX LTD.
530405,JINDAL CAPITAL LTD.
530407,EPIC ENERGY LTD.
530419,SUMEDHA FISCAL SERVICES LTD.
530421,KUWER INDUSTRIES LTD.
530427,CHOKSI ASIA LIMITED
530429,ASHISH POLYPLAST LTD.
530433,SHIVA GLOBAL AGRO INDUSTRIES L
530439,SIDDHA VENTURES LTD.
530443,KIRAN SYNTEX LTD.
530445,SUMERU INDUSTRIES LTD.
530449,RUNGTA IRRIGATION LTD.
530457,GTT DATA SOLUTIONS LIMITED
530459,VALSON INDUSTRIES LTD.
530461,SABOO SODIUM CHLORO LTD.
530469,GSL SECURITIES LTD.
530475,TINNA RUBBER AND INFRASTRUCTUR
530477,VIKRAM THERMO (INDIA) LTD.
530495,STRATMONT INDUSTRIES LIMITED
530499,A.K.CAPITAL SERVICES LTD.
530517,RELAXO FOOTWEARS LTD.
530521,VIRAT INDUSTRIES LTD.
530525,RAJNISH RETAIL LIMITED
530533,TERAI TEA CO.LTD.
530545,COSCO (INDIA) LTD.
530549,SHILPA MEDICARE LTD.
530555,PARAMOUNT COMMUNICATIONS LTD.
530557,NCL RESEARCH & FINANCIAL SERVI
530571,EXPLICIT FINANCE LTD.
530577,LADDERUP FINANCE LTD.
530579,U. Y. FINCORP LIMITED
530581,EKAM LEASING & FINANCE CO.LTD.
530585,SWASTIKA INVESTMART LIMITED
530589,PRIMA PLASTICS LTD.
530595,TELECANOR GLOBAL LTD.
530601,JAGSONPAL SERVICES LIMITED
530615,GARG FURNACE LTD.
530617,SAMPRE NUTRITIONS LTD.
530621,Akar Auto Industries Limited
530627,Vipul Organics Limited
530643,ECO RECYCLING LTD.
530655,Goodluck India Limited
530663,GOYAL ASSOCIATES LTD.
530665,ZENITH HEALTH CARE LTD.
530677,SUPREME HOLDINGS & HOSPITALITY
530689,LYKIS LIMITED
530695,PRIME PROPERTY DEVELOPMENT COR
530699,RAJ RAYON INDUSTRIES LIMITED
530709,GOWRA LEASING & FINANCE LTD.
530711,JAGAN LAMPS LTD.
530723,ASIT C.MEHTA FINANCIAL SERVICE
530741,OVOBEL FOODS LTD.
530745,ACS TECHNOLOGIES LIMITED
530747,CHALLANI CAPITAL LIMITED
530757,SHENTRACON CHEMICALS LTD.
530759,STERLING TOOLS LTD.
530779,DYNAMIC PORTFOLIO MANAGEMENT &
530787,INLAND PRINTERS LTD.
530795,SUNCITY SYNTHETICS LTD.
530799,ANNA INFRASTRUCTURES LTD.
530803,Bhageria Industries Limited
530805,ONESOURCE INDUSTRIES AND VENTU
530809,BNR UDYOG LTD.
530813,KRBL LTD.
530821,SSPDL LTD.
530825,DAIKAFFIL CHEMICALS INDIA LTD.
530829,CIL SECURITIES LIMITED
530839,CLIO INFOTECH LTD.
530843,CUPID LTD.
530845,SUNSHIELD CHEMICALS LTD.
530853,HIPOLIN LTD.
530855,GDL LEASING & FINANCE LTD.
530871,Chembond Material Technologies
530879,CAPITAL INDIA FINANCE LIMITED
530881,Arunjyoti Bio Ventures Limited
530883,SUPER CROP SAFE LTD.
530889,AUDROC Limited
530897,N.G.INDUSTRIES LTD.
530907,SI CAPITAL & FINANCIAL SERVICE
530919,REMSONS INDUSTRIES LTD.
530925,RAMSONS PROJECTS LTD.
530943,Aqylon Nexus Limited
530951,RAMINFO LIMITED
530953,SUNIL AGRO FOODS LTD.
530959,DIANA TEA CO.LTD.
530961,Vikas EcoTech Limited
530965,INDIAN OIL CORPORATION LTD.
530973,ALFA ICA (INDIA) LTD.
530977,Shri Keshav Cements and Infra
530979,INDIA HOME LOAN LTD.
530991,ROOPA INDUSTRIES LTD.
530997,UNIQUE ORGANICS LTD.
530999,BALAJI AMINES LTD.
531003,SWARNA SECURITIES LTD.
531015,VENMAX DRUGS AND PHARMACEUTICA
531017,ARIHANTS SECURITIES LTD.
531025,VISAGAR FINANCIAL SERVICES LTD
531027,LIBORD SECURITIES LTD.
531033,REGAL ENTERTAINMENT & CONSULTA
531035,EBIX LIMITED
531039,Swadha Nature Limited
531041,COMPETENT AUTOMOBILES CO.LTD.
531043,DHANVANTRI JEEVAN REKHA LTD.
531049,NEELKANTH ROCKMINERALS LTD.
531067,CONTIL INDIA LTD.
531069,VIJAY SOLVEX LTD.
531082,ALANKIT
531083,NIHAR INFO GLOBAL LTD.
531091,UNITED CREDIT LTD.
531092,OM INFRA LIMITED
531099,CENTUPLE GLOBAL LIMITED
531109,Ishan Dyes and Chemicals Limit
531111,GOTHI PLASCON (INDIA) LTD.
531112,BALU FORGE INDUSTRIES LIMITED
531119,CEENIK EXPORTS (INDIA) LTD.
531120,PATEL ENGINEERING LTD.
531126,KATI PATANG LIFESTYLE LIMITED
531127,MENA MANI INDUSTRIES LIMITED
531129,INANI MARBLES & INDUSTRIES LTD
531137,GEMSTONE INVESTMENTS LTD.
531144,EL FORGE LTD.
531146,MEDICAMEN BIOTECH LTD.
531147,ALICON CASTALLOY LIMITED
531153,DILIGENT INDUSTRIES LTD.
531156,ALFAVISION OVERSEAS (INDIA) LT
531157,ORGANIC COATINGS LTD.
531158,CATVISION  LIMITED
531161,ABM KNOWLEDGEWARE LTD.
531162,EMAMI LTD.
531163,KEMISTAR CORPORATION LIMITED
531168,ASSOCIATED CERAMICS LTD.
531169,SKP SECURITIES LTD.
531173,SYSCHEM (INDIA) LTD.
531176,MEFCOM CAPITAL MARKETS LTD.
531178,HEMANG RESOURCES LIMITED
531179,ARMAN FINANCIAL SERVICES LTD.
531190,EFORU ENTERTAINMENT LIMITED
531191,FILTRON ENGINEERS LTD.
531199,GLANCE FINANCE LTD.
531201,SHILCHAR TECHNOLOGIES LTD.
531205,SPRIGHT AGRO LIMITED
531209,NUCLEUS SOFTWARE EXPORTS LTD.
531210,COLINZ LABORATORIES LTD.
531212,NALIN LEASE FINANCE LTD.
531213,Manappuram Finance Ltd
531215,RTS POWER CORPORATION LTD.
531216,COMFORT INTECH LTD.
531219,Shyama Computronics and Servic
531221,MAYUR FLOORINGS LTD.
531223,ANJANI SYNTHETICS LTD.
531225,XTGLOBAL INFOTECH LIMITED
531227,DECO-MICA LTD.
531228,RANDER CORPORATION LTD.
531233,RASI ELECTRODES LTD.
531234,SCOOBEE DAY GARMENTS (INDIA) L
531237,DHRUVA CAPITAL SERVICES LTD.
531241,LINC LIMITED
531253,INDIA GELATINE & CHEMICALS LTD
531254,Optimus Finance Limited
531255,PARAGON FINANCE LTD.
531257,VELLORA IMPACT LIMITED
531259,ESHA MEDIA RESEARCH LIMITED
531262,EQUILATERAL ENTERPRISES LIMITE
531266,V.S.T.TILLERS TRACTORS LTD.
531268,B2B SOFTWARE TECHNOLOGIES LTD.
531272,NIKKI GLOBAL FINANCE LTD.
531273,RADHE DEVELOPERS (INDIA) LTD.
531274,KINETIC TRUST LTD.
531278,Elixir Capital Limited
531279,Trishakti Industries Limited
531280,PANKAJ POLYMERS LTD.
531281,MARBLE CITY INDIA LIMITED
531287,NATIONAL PLASTIC TECHNOLOGIES
531288,LEAD FINANCIAL SERVICES LTD.
531289,NATIONAL FITTINGS LIMITED
531297,ARTEFACT PROJECTS LTD.
531304,NUTECH GLOBAL LTD.
531306,DHP INDIA LTD.
531307,RRIL LIMITED
531310,AVAILABLE FINANCE LTD.
531314,INTEGRA CAPITAL LIMITED
531319,MARUTI GLOBAL INDUSTRIES LIMIT
531322,SRI HAVISHA HOSPITALITY INFRAS
531324,ROSELABS FINANCE LTD.
531328,KRETTO SYSCON LIMITED
531334,VIKALP SECURITIES LTD.
531335,ZYDUS WELLNESS LTD.
531340,BERVIN INVESTMENT & LEASING LT
531341,GUJARAT INVESTA LTD.
531344,CONTAINER CORPORATION OF INDIA
531346,EASTERN TREADS LTD.
531349,PANACEA BIOTEC LTD.
531357,MERCURY EV-TECH LIMITED
531358,CHOICE INTERNATIONAL LTD.
531359,SHRIRAM ASSET MANAGEMENT CO.LT
531364,Ekansh Concepts Limited
531370,SPARC ELECTREX LIMITED
531373,THE BYKE HOSPITALITY LTD.
531380,CENTENIAL SURGICAL SUTURE LTD.
531381,ARIHANT FOUNDATIONS & HOUSING
531390,UPSURGE INVESTMENT & FINANCE L
531395,PADAM COTTON YARNS LTD.
531396,WOMEN NETWORKS LTD.
531398,SOURCE NATURAL FOODS & HERBAL
531399,G.G.AUTOMOTIVE GEARS LTD.
531400,ALMONDZ GLOBAL SECURITIES LTD.
531402,LWS KNITWEAR LTD.
531406,ANS INDUSTRIES LTD
531411,TUNI TEXTILE MILLS LTD.
531412,RADIX INDUSTRIES (INDIA) LIMIT
531416,NARENDRA PROPERTIES LTD.
531417,MEGA CORPORATION LTD.
531420,BMB MUSIC & MAGNETICS LTD.
531426,TAMIL NADU NEWSPRINT & PAPERS
531431,SHAKTI PUMPS (INDIA) LTD.
531433,SUNGOLD CAPITAL LTD.
531436,SAFFRON INDUSTRIES LIMITED
531437,Prakash Woollen & Synthetic Mi
531439,AION TECH SOLUTIONS LIMITED
531449,GRM OVERSEAS LTD.
531453,MOHIT INDUSTRIES LTD.
531454,POLYLINK POLYMERS (INDIA) LTD.
531456,MINAXI TEXTILES LTD.
531458,BOSTON COMMERCE LIMITED
531460,CONTINENTAL CONTROLS LTD.
531463,GLOBAL INFRATECH & FINANCE LIM
531465,NOUVEAU GLOBAL VENTURES LTD.
531471,DUKE OFFSHORE LTD.
531472,CYBELE INDUSTRIES LTD.
531486,FILMCITY MEDIA LTD.
531489,CG-VAK SOFTWARE & EXPORTS LTD.
531494,NAVKAR URBANSTRUCTURE LIMITED
531495,BLUE COAST HOTELS LTD.
531497,MADHUCON PROJECTS LTD.
531500,RAJESH EXPORTS LTD.
531502,ESAAR (INDIA) LTD.
531503,MARIS SPINNERS LTD.
531506,SHUKRA BULLIONS LTD.
531508,EVEREADY INDUSTRIES INDIA LTD.
531509,STEP TWO CORPORATION LTD.
531512,ORIENT TRADELINK LTD.
531518,VIKAS PROPPANT & GRANITE LTD.
531521,DESH RAKSHAK AUSHDHALAYA LTD.
531525,ACE SOFTWARE EXPORTS LTD.
531529,SOFTRAK VENTURE INVESTMENT LTD
531531,HATSUN AGRO PRODUCT LTD.
531533,ACCEDERE LIMITED
531537,MIZZEN VENTURES LIMITED
531539,RISHABH DIGHA STEEL & ALLIED P
531540,MARUTI INFRASTRUCTURE LTD.
531541,KOBO BIOTECH LIMITED
531543,JINDAL WORLDWIDE LTD.
531548,SOMANY CERAMICS LTD.
531550,JHAVERI CREDITS & CAPITAL LTD.
531552,RAGHUNATH TOBACCO CO.LTD.
531553,DISHA RESOURCES LIMITED
531556,CORAL INDIA FINANCE & HOUSING
531557,AMIT SECURITIES LTD.
531568,ASHUTOSH PAPER MILLS LTD.
531569,SANJIVANI PARANTERAL LTD.
531572,RANJIT SECURITIES LTD.
531574,VAS INFRASTRUCTURE LTD.
531578,KMF BUILDERS & DEVELOPERS LTD.
531582,BERYL SECURITIES LTD.
531583,RAP CORP LIMITED
531585,DEVINE IMPEX LTD.
531591,BAMPSL SECURITIES LTD.
531592,GENPHARMASEC LIMITED
531594,INCON ENGINEERS LTD.
531595,CAPRI GLOBAL CAPITAL LIMITED
531599,FDC LTD.
531608,GORANI INDUSTRIES LTD.
531613,Meyer Apparel Limited
531624,COUNTRY CONDOS LTD.
531626,OROSIL SMITHS INDIA LTD.
531628,TEJASSVI AAHARAM LIMITED
531633,LINCOLN PHARMACEUTICALS LTD.
531635,SILVER OAK (INDIA) LTD.
531637,PRAVEG LIMITED
531638,SURAJ LTD.
531642,MARICO LTD.
531644,TOKYO FINANCE LTD.
531651,NATIONAL GENERAL INDUSTRIES LT
531652,UVS HOSPITALITY AND SERVICES L
531658,ABATE AS INDUSTRIES LIMITED
531661,HITTCO TOOLS LTD.
531663,YUVRAAJ HYGIENE PRODUCTS LTD.
531667,RR METALMAKERS INDIA LIMITED
531668,VISION CORPORATION LTD.
531671,Karnawati Innovation Limited
531672,INANI SECURITIES LTD.
531673,ANKA INDIA LTD.
531676,EMROCK CORPORATION LIMITED
531680,MAYUR LEATHER PRODUCTS LTD.
531681,AMERISE BIOSCIENCES LIMITED
531688,Prithvi Exchange (India) Limit
531692,KHYATI MULTIMEDIA-ENTERTAINMEN
531694,RAINBOW FOUNDATIONS LTD.
531716,TRICOM FRUIT PRODUCTS LIMITED
531717,Vidhi Specialty Food Ingredien
531719,BHAGIRADHA CHEMICALS & INDUSTR
531723,GACM Technologies Limited
531726,PANCHSHEEL ORGANICS LTD.
531727,MENON PISTONS LTD.
531737,GREENCREST FINANCIAL SERVICES
531739,GENNEX LABORATORIES LTD.
531744,GINI SILK MILLS LTD.
531746,PRAJAY ENGINEERS SYNDICATE LTD
531752,BIOGEN PHARMACHEM INDUSTRIES L
531761,APOLLO PIPES LIMITED
531762,UNJHA FORMULATIONS LTD.
531768,POLY MEDICURE LTD.
531769,PFL INFOTECH LTD.
531771,SHRADDHA PRIME PROJECTS LTD
531778,KACHCHH MINERALS LTD.
531780,KAISER CORPORATION LIMITED
531784,KCL Infra Projects Limited
531795,ATUL AUTO LTD.
531797,SCAN PROJECTS LTD.
531802,PRERNA INFRABUILD LTD.
531810,METAL COATINGS (INDIA) LTD.
531812,SGN TELECOMS LTD.
531814,TIRUPATI SARJAN LTD.
531821,MUNOTH FINANCIAL SERVICES LTD.
531822,RODIUM REALTY LIMITED
531832,NAGARJUNA AGRI TECH LTD.
531834,NATURA HUE CHEM LTD.
531840,IEC EDUCATION LTD.
531841,Indus Finance Limited
531842,LAHOTI OVERSEAS LTD.
531845,ZENITH STEEL PIPES AND  INDUST
531846,TRINITY LEAGUE INDIA LTD.
531847,ASIAN STAR CO.LTD.
531859,ORIENTAL RAIL INFRASTRUCTURE L
531861,JOINDRE CAPITAL SERVICES LTD.
531862,BHARAT AGRI FERT & REALTY LTD.
531867,UNITECH INTERNATIONAL LTD.
531869,SACHETA METALS LTD.
531870,POPULAR ESTATE MANAGEMENT LTD.
531878,ANJANI FINANCE LTD.
531888,REXNORD ELECTRONICS & CONTROLS
531889,NURTURE WELL INDUSTRIES LIMITE
531892,KHANDWALA SECURITIES LTD.
531893,SAWACA ENTERPRISES LIMITED
531900,CCL INTERNATIONAL LTD.
531902,GALLOPS ENTERPRISE LTD.
531909,CROISSANCE LIMITED
531910,JOJO LIMITED
531911,GALAXY AGRICO EXPORTS LTD.
531913,CASTORA AGRI COMMODITIES LIMIT
531918,HINDUSTAN APPLIANCES LTD.
531921,AGARWAL INDUSTRIAL CORPORATION
531923,DHAMPURE SPECIALITY SUGARS LTD
531925,SHANTANU SHEOREY AQUAKULT LTD.
531930,SARTHAK INDUSTRIES LTD.
531931,SAI CAPITAL LTD.
531936,BLUE CHIP INDIA LTD.
531944,LEXORAA INDUSTRIES LIMITED
531950,VERTEX SECURITIES LTD.
531952,RIBA TEXTILES LTD.
531959,NEWTIME INFRASTRUCTURE LIMITED
531962,SHREE METALLOYS LTD.
531968,IITL PROJECTS LIMITED
531977,CHARTERED LOGISTICS LTD.
531978,AMBIKA COTTON MILLS LTD.
531979,HIND ALUMINIUM INDUSTRIES LTD.
531982,SPECTRUM FOODS LTD.
531989,DECCAN POLYPACKS LTD.
531991,AMRAWORLD AGRICO LTD.
531994,AUTO PINS (INDIA) LTD.
531996,ODYSSEY CORPORATION LTD.
531997,IKOMA TECHNOLOGIES LIMITED
532001,INDUCTO STEEL LTD.
532005,SAM INDUSTRIES LTD.
532007,SHREEVATSAA FINANCE & LEASING
532011,VASHU BHAGNANI INDUSTRIES LIMI
532015,GRAVITY (INDIA) LTD.
532016,ESPIRE HOSPITALITY LIMITED
532019,LCC INFOTECH LTD.
532022,FILATEX FASHIONS LTD.
532029,SINDHU TRADE LINKS LIMITED
532039,ZENOTECH LABORATORIES LTD.
532041,HINDUSTAN BIO SCIENCES LTD.
532042,FRONTLINE CORPORATION LTD.
532051,SWELECT ENERGY SYSTEMS LIMITED
532053,WALLFORT FINANCIAL SERVICES LT
532054,KDDL LTD.
532056,Trustedge Capital Limited
532057,ABHINAV CAPITAL SERVICES LTD.
532067,3B BlackBio Dx Limited
532070,GUJJUBHAI INDUSTRIES LIMITED
532090,Atvo Enterprises Limited
532092,EPUJA SPIRITECH LIMITED
532100,INDO-CITY INFOTECH LTD.
532102,SBEC SUGAR LTD.
532113,BRIJLAXMI LEASING & FINANCE LT
532123,BSEL ALGO LIMITED
532124,RELIABLE VENTURES INDIA LTD.
532131,TRIUMPH INTERNATIONAL FINANCE
532134,BANK OF BARODA
532140,MOHITE INDUSTRIES LIMITED
532141,ANDHRA CEMENTS LTD.
532143,SKM EGG PRODUCTS EXPORT (INDIA
532144,WELSPUN CORP LIMITED
532145,H.S.INDIA LTD.
532149,BANK OF INDIA
532150,INDRAPRASTHA MEDICAL CORP.LTD.
532154,JOHNSON PHARMACARE LIMITED
532155,GAIL (INDIA) LTD.
532156,VAIBHAV GLOBAL LTD
532159,TRESCON LIMITED
532160,GUJARAT STATE FINANCIAL CORPOR
532162,JK PAPER LTD.
532163,SAREGAMA INDIA LTD.
532164,MINOLTA FINANCE LTD.
532167,OMKAR PHARMACHEM LTD.
532172,Adroit Infotech Limited
532173,CYBERTECH SYSTEMS AND SOFTWARE
532174,ICICI BANK LTD.
532175,CYIENT LIMITED
532178,ENGINEERS INDIA LTD.
532180,DHANLAXMI BANK LIMITED
532181,GUJARAT MINERAL DEVELOPMENT CO
532183,GAYATRI SUGARS LTD.
532187,INDUSIND BANK LTD.
532189,INDIA TOURISM DEVELOPMENT CORP
532209,JAMMU & KASHMIR BANK LTD.
532210,CITY UNION BANK LIMITED
532212,ARCHIES LTD.
532215,AXIS BANK LTD.
532216,HB STOCKHOLDINGS LTD.
532217,CMX HOLDINGS LIMITED
532218,SOUTH INDIAN BANK LTD.
532219,ENERGY DEVELOPMENT COMPANY LTD
532221,SONATA SOFTWARE LTD.
532230,BENGAL TEA & FABRICS LTD.
532234,NATIONAL ALUMINIUM CO.LTD.
532240,INDIA NIPPON ELECTRICALS LTD.
532256,NALWA SONS INVESTMENTS LTD.
532259,APAR INDUSTRIES LTD.
532262,TCI INDUSTRIES LTD.
532268,ACCELYA SOLUTIONS INDIA LIMITE
532271,ORCHASP LIMITED
532275,LANDMARC LEISURE CORPORATION L
532281,HCL TECHNOLOGIES LTD.
532284,TCFC FINANCE LTD.
532285,Geojit Financial Services Limi
532286,JINDAL STEEL LIMITED
532290,BLB LTD.
532296,GLENMARK PHARMACEUTICALS LTD.
532300,WOCKHARDT LTD.
532303,INTEGRATED HITECH LTD.
532304,KJMC CORPORATE ADVISORS (INDIA
532305,IND-SWIFT LABORATORIES LTD.
532309,GE Power India Ltd
532310,SHREE RAMA MULTI-TECH LTD.
532313,MAHINDRA LIFESPACE DEVELOPERS
532315,GROARC INDUSTRIES INDIA LIMITE
532320,VAARAD VENTURES LTD
532321,Zydus Lifesciences Limited
532323,SHIVA CEMENT LTD.
532324,CINEVISTA LTD.
532326,INTENSE TECHNOLOGIES LTD.
532329,DANLAW TECHNOLOGIES INDIA LTD.
532331,AJANTA PHARMA LTD.
532332,CURA TECHNOLOGIES LTD.
532333,HB PORTFOLIO LTD.
532334,HB ESTATE DEVELOPERS LTD.
532339,COMPUCOM SOFTWARE LTD.
532340,OMNI AXS SOFTWARE LTD.
532341,IZMO Limited
532343,TVS MOTOR COMPANY LTD.
532344,MADALA HOLDINGS LIMITED
532348,SUBEX LTD.
532349,TRANSPORT CORPORATION OF INDIA
532350,PADMALAYA TELEFILMS LTD.
532351,AKSH OPTIFIBRE LTD.
532354,Virgo Global Limited
532356,TRIVENI ENGINEERING & INDUSTRI
532359,HIT KIT GLOBAL SOLUTIONS LTD.
532362,NAGPUR POWER & INDUSTRIES LTD.
532365,DYNACONS SYSTEMS & SOLUTIONS L
532366,PNB GILTS LTD.
532368,BRIGHTCOM GROUP LIMITED
532369,RAMCO INDUSTRIES LTD.
532370,RAMCO SYSTEMS LTD.
532371,TATA TELESERVICES (MAHARASHTRA
532372,Virinchi Limited
532373,WEP SOLUTIONS LTD.
532374,STERLITE TECHNOLOGIES LTD.
532375,TIPS MUSIC LIMITED
532376,UMIYA BUILDCON LIMITED
532378,UNIVERSAL ARTS LTD.
532379,FIRST FINTEC LIMITED
532380,BABA ARTS LTD.
532382,BALAJI TELEFILMS LTD.
532384,TYCHE INDUSTRIES LTD.
532386,CALIFORNIA SOFTWARE CO.LTD.
532387,PRITISH NANDY COMMUNICATIONS L
532388,INDIAN OVERSEAS BANK
532390,TAJGVK HOTELS & RESORTS LTD.
532392,CREATIVE EYE LTD.
532395,AXISCADES TECHNOLOGIES LIMITED
532397,KONNDOR INDUSTRIES LIMITED
532398,USHA MARTIN EDUCATION & SOLUTI
532400,BIRLASOFT LIMITED
532402,USG TECH SOLUTIONS LTD.
532404,SAVEN TECHNOLOGIES LTD.
532406,AVANTEL LTD.
532407,MOSCHIP TECHNOLOGIES LIMITED
532408,SIGMA ADVANCED SYSTEMS LIMITED
532410,TRANSCORP INTERNATIONAL LTD.
532413,CEREBRA INTEGRATED TECHNOLOGIE
532416,NEXT MEDIAWORKS LTD.
532419,Smartlink Holdings Limited
532424,GODREJ CONSUMER PRODUCTS LTD.
532425,GENUS PRIME INFRA LIMITED
532430,BF UTILITIES LTD.
532432,UNITED SPIRITS LTD.
532435,SANMIT INFRA LIMITED
532439,OLECTRA GREENTECH LIMITED
532440,MPS LTD.
532443,CERA SANITARYWARE LTD.
532444,T.SPIRITUAL WORLD LTD.
532454,BHARTI AIRTEL LTD.
532455,SHALIMAR WIRES INDUSTRIES LTD.
532456,COMPUAGE INFOCOM LTD.
532457,GULSHAN POLYOLS LTD.
532460,PONNI SUGARS (ERODE) LTD.
532461,PUNJAB NATIONAL BANK
532466,ORACLE FINANCIAL SERVICES SOFT
532467,HAZOOR MULTI PROJECTS LTD.
532468,KAMA HOLDINGS LIMITED
532470,MPF Systems Limited
532475,APTECH LTD.
532477,UNION BANK OF INDIA
532478,UNITED BREWERIES LTD.
532481,NOIDA TOLL BRIDGE COMPANY LTD.
532482,GRANULES INDIA LTD.
532483,CANARA BANK
532485,BALMER LAWRIE INVESTMENTS LTD.
532486,POKARNA LTD.
532488,DIVIS LABORATORIES LTD.
532493,ASTRA MICROWAVE PRODUCTS LTD.
532497,RADICO KHAITAN LTD.
532500,MARUTI SUZUKI INDIA LTD.
532503,RAJAPALAYAM MILLS LTD.
532504,NAVIN FLUORINE INTERNATIONAL L
532505,UCO BANK
532507,B.A.G.FILMS & MEDIA LTD.
532508,JINDAL STAINLESS LTD.
532509,SUPRAJIT ENGINEERING LTD.
532513,TVS ELECTRONICS LTD.
532514,INDRAPRASTHA GAS LTD.
532515,TV TODAY NETWORK LTD.
532521,PALRED TECHNOLOGIES LIMITED
532522,PETRONET LNG LTD.
532523,BIOCON LTD.
532524,PTC INDIA LTD.
532525,BANK OF MAHARASHTRA
532527,RAMKRISHNA FORGINGS LTD.
532528,DATAMATICS GLOBAL SERVICES LTD
532529,NEW DELHI TELEVISION LTD.
532531,STRIDES PHARMA SCIENCE LIMITED
532538,ULTRATECH CEMENT LTD.
532539,UNO Minda Limited
532540,TATA CONSULTANCY SERVICES LTD.
532541,COFORGE LIMITED
532543,GP PETROLEUMS LTD
532548,CENTURY PLYBOARDS (I) LTD.
532553,WELSPUN ENTERPRISES LIMTED
532555,NTPC LTD.
532604,S.A.L.STEEL LTD.
532605,JBM AUTO LTD.
532610,DWARIKESH SUGAR INDUSTRIES LTD
532612,INDOCO REMEDIES LTD.
532613,VIP Clothing Limited
532614,IMPEX FERRO TECH LTD.
532616,XCHANGING SOLUTIONS LTD.
532624,JINDAL PHOTO LTD.
532626,PONDY OXIDES & CHEMICALS LTD.
532627,JAIPRAKASH POWER VENTURES LIMI
532628,3I INFOTECH LTD.
532630,GOKALDAS EXPORTS LTD.
532633,Alldigi Tech Limited
532636,IIFL FINANCE LIMITED
532637,MANGALAM DRUGS & ORGANICS LTD.
532638,SHOPPERS STOP LTD.
532640,CYBER MEDIA (INDIA) LTD.
532641,NANDAN DENIM LIMITED
532642,JSW HOLDINGS LIMITED
532644,J.K.CEMENT LTD.
532645,BEEYU OVERSEAS LTD.
532648,YES BANK LTD.
532649,NECTAR LIFESCIENCES LTD.
532650,MSP STEEL & POWER LTD.
532652,KARNATAKA BANK LTD.
532654,MCLEOD RUSSEL INDIA LTD.
532656,FACOR ALLOYS LTD.
532660,VIVIMED LABS LTD.
532661,RANE (MADRAS) LTD.
532662,HT MEDIA LIMITED
532663,Sasken Technologies Limited
532666,FCS SOFTWARE SOLUTIONS LTD.
532667,SUZLON ENERGY LTD.
532668,AURIONPRO SOLUTIONS LTD.
532670,SHREE RENUKA SUGARS LTD.
532673,K.M.SUGAR MILLS LTD.
532674,BANNARI AMMAN SPINNING MILLS L
532676,PBA INFRASTRUCTURE LTD.
532683,AIA ENGINEERING LTD.
532684,EVEREST KANTO CYLINDER LTD.
532686,KERNEX MICROSYSTEMS (INDIA) LT
532687,REPRO INDIA LTD.
532689,PVR INOX LIMITED
532694,Avio Smart Market Stack Limite
532695,CELEBRITY FASHIONS LTD.
532698,NITIN SPINNERS LTD.
532699,ROYAL ORCHID HOTELS LTD.
532700,ENTERTAINMENT NETWORK (INDIA)
532701,CELLA SPACE LIMITED
532705,JAGRAN PRAKASHAN LTD.
532707,DYNEMIC PRODUCTS LTD.
532708,GVK POWER & INFRASTRUCTURE LTD
532710,SADBHAV ENGINEERING LTD.
532712,RELIANCE COMMUNICATIONS LTD.
532713,SAKUMA EXPORTS LTD.
532714,KEC INTERNATIONAL LTD.
532717,INDO TECH TRANSFORMERS LTD.
532719,B.L.KASHYAP AND SONS LTD.
532720,MAHINDRA & MAHINDRA FINANCIAL
532721,VISA Chrome Limited
532722,NITCO LTD.
532723,MPDL LIMITED
532725,SOLAR INDUSTRIES INDIA LTD.
532726,GALLANTT ISPAT LIMITED
532728,MALU PAPER MILLS LTD.
532729,UTTAM SUGAR MILLS LTD.
532730,STL GLOBAL LTD.
532732,KEWAL KIRAN CLOTHING LTD.
532733,SUN TV NETWORK LTD.
532734,GODAWARI POWER & ISPAT LTD.
532735,R SYSTEMS INTERNATIONAL LTD.
532737,EMKAY GLOBAL FINANCIAL SERVICE
532738,TwamevConstruction and Infrast
532740,LOKESH MACHINES LTD.
532741,Kamdhenu Limited
532742,PAUSHAK LTD.
532744,GTN TEXTILES LTD.
532748,PRIME FOCUS LTD.
532749,ALLCARGO LOGISTICS LTD.
532754,GMR Airports Limited
532755,TECH MAHINDRA LTD.
532756,CIE Automotive India Limited
532757,VOLTAMP TRANSFORMERS LTD.
532759,ATLANTAA LIMITED
532761,HANDSON GLOBAL MANAGEMENT (HGM
532762,ACTION CONSTRUCTION EQUIPMENT
532764,GEECEE VENTURES LIMITED
532767,GAYATRI PROJECTS LTD.
532768,FIEM INDUSTRIES LTD.
532771,JHS SVENDGAARD LABORATORIES LT
532772,DCB BANK LIMITED
532773,GLOBAL VECTRA HELICORP LTD.
532774,Inspirisys Solutions Limited
532775,GTL INFRASTRUCTURE LTD.
532776,SHIVAM AUTOTECH LTD.
532777,INFO EDGE (INDIA) LTD.
532779,TORRENT POWER LTD.
532780,PARSVNATH DEVELOPERS LTD.
532783,LT FOODS LTD.
532784,SOBHA
532785,RUCHIRA PAPERS LTD.
532790,TANLA PLATFORMS LIMITED
532794,ZEE MEDIA CORPORATION LIMITED
532795,Siti Networks Ltd.
532796,LUMAX AUTO TECHNOLOGIES LTD.
532797,AUTOLINE INDUSTRIES LTD.
532798,NETWORK18 MEDIA & INVESTMENTS
532799,HUBTOWN LTD.
532801,CAMBRIDGE TECHNOLOGY ENTERPRIS
532804,TECHNOCRAFT INDUSTRIES (INDIA)
532805,Redington Limited
532806,AI CHAMPDANY INDUSTRIES LTD.
532807,CINELINE INDIA LIMITED
532808,PEARL GLOBAL INDUSTRIES LIMITE
532809,FIRSTSOURCE SOLUTIONS LTD.
532810,POWER FINANCE CORPORATION LTD.
532811,AHLUWALIA CONTRACTS (INDIA) LT
532812,TRANSWARRANTY FINANCE LTD.
532814,INDIAN BANK
532815,SMS PHARMACEUTICALS LTD.
532817,ORIENTAL TRIMEX LTD.
532820,E-Land Apparel Limited
532822,VODAFONE IDEA  LIMITED
532825,JAGJANANI TEXTILES LTD.
532826,RAJ TELEVISION NETWORK LTD.
532827,PAGE INDUSTRIES LTD.
532828,AMD INDUSTRIES LTD.
532829,LEHAR FOOTWEARS LIMITED
532830,ASTRAL LIMITED
532832,EMBASSY DEVELOPMENTS LIMITED
532834,Camlin Fine Sciences Ltd
532835,ICRA LTD.
532839,DISH TV INDIA LTD.
532841,SAHYADRI INDUSTRIES LTD.
532842,SREE RAYALASEEMA HI-STRENGTH H
532843,FORTIS HEALTHCARE LTD.
532845,TGB BANQUETS AND HOTELS LTD.
532847,HILTON METAL FORGING LTD.
532848,DELTA CORP LTD.
532850,MIC ELECTRONICS LTD.
532851,INSECTICIDES (INDIA) LTD.
532853,ASAHI SONGWON COLORS LTD.
532855,HARYANA CAPFIN LTD.
532856,TIME TECHNOPLAST LTD.
532859,HINDUJA GLOBAL SOLUTIONS LTD.
532864,NELCAST LTD.
532867,V2 RETAIL LTD.
532868,DLF LTD.
532869,TARMAT LTD.
532870,ANKIT METAL & POWER LTD.
532872,SUN PHARMA ADVANCED RESEARCH C
532873,HOUSING DEVELOPMENT & INFRASTR
532875,ALLIED DIGITAL SERVICES LTD.
532878,ALPA LABORATORIES LTD.
532880,OMAXE LTD.
532884,REFEX INDUSTRIES LTD.
532885,CENTRAL BANK OF INDIA
532886,SEL MANUFACTURING COMPANY LTD.
532887,Neueon Corporation Limited
532888,ASIAN GRANITO INDIA LTD.
532889,K.P.R.MILL LIMITED
532890,TAKE LIMITED
532891,Puravankara Limited
532892,MOTILAL OSWAL FINANCIAL SERVIC
532893,VTM LTD.
532894,INDOWIND ENERGY LTD.
532895,NAGREEKA CAPITAL & INFRASTRUCT
532896,MAGNUM VENTURES LTD.
532898,POWER GRID CORPORATION OF INDI
532899,KAVERI SEED COMPANY LTD.
532900,PAISALO DIGITAL LIMITED
532902,CONSOLIDATED CONSTRUCTION CONS
532904,SUPREME INFRASTRUCTURE INDIA L
532906,MAAN ALUMINIUM LTD.
532907,IL&FS ENGINEERING AND CONSTRUC
532911,PARLE INDUSTRIES LIMITED
532915,RELIGARE ENTERPRISES LTD.
532916,BARAK VALLEY CEMENTS LTD.
532918,RATHI BARS LTD.
532921,ADANI PORTS AND SPECIAL ECONOM
532922,EDELWEISS FINANCIAL SERVICES L
532923,RENAISSANCE GLOBAL LIMITED
532924,KOLTE-PATIL DEVELOPERS LTD.
532925,KAUSHALYA INFRASTRUCTURE DEVEL
532926,JYOTHY LABS LIMITED
532927,ECLERX SERVICES LTD.
532928,TRANSFORMERS AND RECTIFIERS (I
532929,BRIGADE ENTERPRISES LTD.
532930,BGR ENERGY SYSTEMS LTD.
532931,BURNPUR CEMENT LTD.
532932,MANAKSIA LTD.
532933,PORWAL AUTO COMPONENTS LTD.
532934,PPAP
532935,ARIES AGRO LTD.
532937,KUANTUM PAPERS LTD.
532939,RELIANCE POWER LTD.
532940,J.KUMAR INFRAPROJECTS LTD.
532941,CORDS CABLE INDUSTRIES LTD.
532942,KNR CONSTRUCTIONS LTD.
532944,ONMOBILE
532945,SEPC LIMITED
532946,BANG OVERSEAS LTD.
532947,IRB INFRASTRUCTURE DEVELOPERS
532951,GSS INFOTECH LTD.
532952,NAHAR CAPITAL & FINANCIAL SERV
532953,V-GUARD INDUSTRIES LTD.
532955,REC LIMITED
532957,GOKAK TEXTILES LTD.
532966,TITAGARH RAIL SYSTEMS LIMITED
532967,KIRI INDUSTRIES LTD.
532974,ADITYA BIRLA MONEY LTD.
532975,TELOGICA LIMITED
532976,JAI BALAJI INDUSTRIES LTD.
532977,BAJAJ AUTO LTD.
532978,BAJAJ FINSERV LTD.
532980,GOKUL REFOILS & SOLVENT LTD.
532983,RPG LIFE SCIENCES LTD.
532985,KOTAK MAHINDRA MUTUAL FUND
532986,NIRAJ CEMENT STRUCTURALS LTD.
532989,BAFNA PHARMACEUTICALS LTD.
532992,CHL LTD.
532993,SEJAL GLASS LIMITED
532994,ARCHIDPLY INDUSTRIES LTD.
532998,Lotus Eye Hospital And Institu
533001,SOMI CONVEYOR BELTINGS LTD.
533006,BIRLA COTSYN (INDIA) LTD.
533007,LGB FORGE LTD.
533012,LANDMARK PROPERTY DEVELOPMENT
533014,SICAGEN INDIA LTD.
533022,20 MICRONS LTD.
533023,ZF Commercial Vehicle Control
533029,ALKALI METALS LTD.
533033,ISGEC HEAVY ENGINEERING LTD.
533047,INDIAN METALS & FERRO ALLOYS L
533048,Teamo Productions HQ Limited
533056,VEDAVAAG SYSTEMS LTD.
533080,MOLD-TEK PACKAGING LIMITED
533088,MAHINDRA HOLIDAYS & RESORTS IN
533090,Landsmill Green Limited
533093,RAJ OIL MILLS LTD.
533095,BENGAL & ASSAM COMPANY LTD.
533096,ADANI POWER LTD.
533098,NHPC LTD.
533100,PREMIER ENERGY AND INFRASTRUCT
533104,GLOBUS SPIRITS LTD.
533106,OIL INDIA LTD.
533107,SWAN DEFENCE AND HEAVY INDUSTR
533108,BHILWARA TECHNICAL TEXTILES LT
533110,SHREE PRECOATED STEELS LTD.
533121,EXPLEO SOLUTIONS LIMITED
533122,RATTANINDIA POWER LTD.
533137,DEN NETWORKS LTD
533138,ASTEC LIFESCIENCES LIMITED
533146,D-LINK (INDIA) LTD
533148,JSW ENERGY LTD
533149,Yunik Managing Advisors Limite
533150,GODREJ PROPERTIES LTD
533151,D B CORP LTD
533152,MBL Infrastructure Ltd
533155,JUBILANT FOODWORKS LTD
533156,VASCON ENGINEERS LTD
533158,THANGAMAYIL JEWELLERY LTD
533160,VALOR ESTATE LIMITED
533161,EMMBI INDUSTRIES LTD
533162,HATHWAY CABLE & DATACOM LTD
533164,TEXMO PIPES & PRODUCTS LTD.
533166,SUNDARAM MULTI PAP LTD.
533167,COROMANDEL ENGINEERING COMPANY
533168,ROSSELL INDIA LTD.
533169,MAN INFRACONSTRUCTION LTD.
533170,TAMBOLI INDUSTRIES LIMITED
533172,INVESCO India Gold Exchange Tr
533177,IL&FS TRANSPORTATION NETWORKS
533179,PERSISTENT SYSTEMS LTD.
533181,INTRASOFT TECHNOLOGIES LTD.
533192,KCP SUGAR & INDUSTRIES CORPORA
533193,KIRLOSKAR ELECTRIC COMPANY LTD
533202,SATCHMO HOLDINGS LIMITED
533203,TARAPUR TRANSFORMERS LTD
533206,SJVN LTD
533208,EMAMI PAPER MILLS LTD.
533210,KRITI NUTRIENTS LTD
533212,GKB OPHTHALMICS LTD.
533217,HINDUSTAN MEDIA VENTURES LTD.
533218,EMAMI REALTY LIMITED
533221,ASIAN HOTELS (WEST) LTD.
533227,ASIAN HOTELS (EAST) LTD.
533229,BAJAJ CONSUMER CARE LIMITED
533230,HDFC MUTUAL FUND - HDFC GOLD E
533239,PRAKASH STEELAGE LTD.
533244,ICICI Prudential Gold ETF
533248,GUJARAT PIPAVAV PORT LTD.
533252,WELSPUN INVESTMENTS AND COMMER
533257,INDOSOLAR LTD.
533259,HEALTH X PLATFORM LIMITED
533260,CP CAPITAL LIMITED
533262,RAMKY INFRASTRUCTURE LTD.
533263,ORIENT GREEN POWER COMPANY LTD
533267,CANTABIL RETAIL INDIA LTD.
533268,SEA TV NETWORK LTD.
533269,VA TECH WABAG LTD.
533270,BEDMUTHA INDUSTRIES LTD.
533271,ASHOKA BUILDCON LTD.
533272,JUPITER WAGONS LIMITED
533273,OBEROI REALTY LTD.
533274,PRESTIGE ESTATES PROJECTS LTD.
533275,SHAH METACORP LIMITED
533278,COAL INDIA LTD.
533282,GRAVITA INDIA LTD.
533284,RPP INFRA PROJECTS LTD.
533285,RDB INFRASTRUCTURE AND POWER L
533286,MOIL LTD.
533287,ZEE LEARN LTD.
533289,KESAR TERMINALS & INFRASTRUCTU
533292,A2Z INFRA ENGINEERING LIMITED
533293,KIRLOSKAR OIL ENGINES LTD.
533294,RAVI KUMAR DISTILLERIES LTD.
533295,PUNJAB & SIND BANK
533296,FUTURE MARKET NETWORKS LTD.
533298,SURANA SOLAR LTD.
533301,SHEKHAWATI INDUSTRIES LIMITED
533302,KALYANI INVESTMENT COMPANY LTD
533303,BF INVESTMENT LTD.
533306,SUMMIT SECURITIES LTD.
533316,STEL HOLDINGS LIMITED
533326,TEXMACO RAIL & ENGINEERING LTD
533329,INDIAN TERRAIN FASHIONS LTD.
533333,FINEOTEX CHEMICAL LTD.
533336,DHUNSERI INVESTMENTS LTD.
533339,ZEN TECHNOLOGIES LTD.
533343,LOVABLE LINGERIE LTD.
533344,PTC INDIA FINANCIAL SERVICES L
533385,MOTILAL OSWAL MOST SHARES NASD
533398,MUTHOOT FINANCE LTD.
533407,TRUE GREEN BIO ENERGY LIMITED
533408,Aditya Birla Sun Life Mutual F
533427,VMS INDUSTRIES LTD.
533451,KARMA ENERGY LTD.
533452,DELPHI WORLD MONEY LIMITED
533470,RUSHIL DECOR LTD.
533477,ENKEI WHEELS (INDIA) LTD.
533482,KRIDHAN INFRA LIMITED
533506,INVENTURE GROWTH & SECURITIES
533519,L&T Finance Limited
533520,Indiabulls Limited
533540,TREE HOUSE EDUCATION & ACCESSO
533543,BROOKS LABORATORIES LTD.
533552,RUPA & COMPANY LTD.
533553,T D POWER SYSTEMS LTD.
533570,AXIS MUTUAL FUND - AXIS GOLD E
533573,ALEMBIC PHARMACEUTICALS LTD.
533576,VASWANI INDUSTRIES LTD.
533581,PG ELECTROPLAST LTD.
533602,LESHA INDUSTRIES LTD.
533605,SETUBANDHAN INFRASTRUCTURE LIM
533608,RDB RASAYANS LTD.
533629,TIJARIA POLYPIPES LTD.
533632,ONELIFE CAPITAL ADVISORS LTD.
533638,FLEXITUFF VENTURES INTERNATION
533644,UJAAS ENERGY LIMITED
533655,TRIVENI TURBINE LTD.
533676,INDO THAI SECURITIES LTD.
533704,ESSAR SHIPPING LTD.
533719,LIC MUTUAL FUND - LIC MF GOLD
533758,APL APOLLO TUBES LTD.
533761,GPT INFRAPROJECTS LTD.
533896,FERVENT SYNERGIES LTD.
533941,THOMAS SCOTT (INDIA) LIMITED
533982,TERA SOFTWARE LTD.
534060,PMC FINCORP LIMITED
534063,FUTURISTIC SOLUTIONS LTD.
534064,ALLIANCE INTEGRATED METALIKS L
534076,RHI MAGNESITA INDIA LIMITED
534091,MULTI COMMODITY EXCHANGE OF IN
534139,SCHNEIDER ELECTRIC INFRASTRUCT
534190,OLYMPIC CARDS LTD.
534309,NBCC (India) Limited
534328,HEXA TRADEX LTD.
534338,Max heights Infrastucture Ltd
534369,TRIBHOVANDAS BHIMJI ZAVERI LTD
534392,VARDHMAN SPECIAL STEELS LTD.
534422,LOOKS HEALTH SERVICES LIMITED
534425,SPECIALITY RESTAURANTS LTD.
534532,AURUS GEM CORPORATION LIMITED
534535,STRING METAVERSE LIMITED
534597,RATTANINDIA ENTERPRISES LIMITE
534598,Sampann Utpadan India Limited
534600,JTL INDUSTRIES LIMITED
534612,ADVANCE METERING TECHNOLOGY LT
534615,NORTH EASTERN CARRYING CORPORA
534618,WAAREE RENEWABLE TECHNOLOGIES
534623,JUPITER INFOMEDIA LTD.
534639,VINAYAK POLYCON INTERNATIONAL
534674,Ducon Infratechnologies Ltd
534675,PROZONE REALTY LIMITED
534680,SRG HOUSING FINANCE LTD.
534691,COMFORT COMMOTRADE LTD.
534732,CASPIAN CORPORATE SERVICES LIM
534733,Aerpace Industries Limited
534741,VIRTUAL GLOBAL EDUCATION LTD.
534742,ZUARI AGRO CHEMICALS LTD.
534748,STEEL EXCHANGE INDIA LTD.
534755,TRIO MERCANTILE & TRADING LTD.
534796,CDG PETCHEM LIMITED
534804,CARE Ratings Limited
534809,PC JEWELLER LTD.
534816,INDUS TOWERS LIMITED
534920,iSERA LIFESCIENCES LIMITED
534976,V-MART RETAIL LTD.
535136,NIBE LIMITED
535204,Mukta Agriculture Limited
535205,Mystic Electronics Limited
535267,COMFORT FINCAP LTD.
535276,SBI MUTUAL FUND - SBI ETF SENS
535322,REPCO HOME FINANCE LTD.
535387,LAKHOTIA POLYESTERS (INDIA) LT
535431,GCM SECURITIES LTD
535458,NRB INDUSTRIAL BEARINGS LTD.
535566,KIFS FINANCIAL SERVICES LTD.
535601,SREELEATHERS LTD.
535602,SHARDA MOTOR INDUSTRIES LTD
535621,S V GLOBAL MILL LTD.
535648,JUST DIAL LTD.
535657,OBJECTONE INFORMATION SYSTEMS
535667,INDIA FINSEC LTD.
535693,BRAHMAPUTRA INFRASTRUCTURE LTD
535719,AMPVOLTS LIMITED
535730,KHOOBSURAT LTD
535754,ORIENT CEMENT LTD
535755,Aditya Birla Fashion and Retai
535789,Sammaan Capital Limited
535910,MONEY MASTERS LEASING & FINANC
535916,ALACRITY SECURITIES LTD
535958,Integra Essentia Limited
536073,JULIEN AGRO INFRATECH LIMITED
536264,TIGER LOGISTICS (INDIA) LTD
536493,JK AGRI GENETICS LTD
536507,FUTURE LIFESTYLE FASHIONS LTD
536565,NOVELIX PHARMACEUTICALS LIMITE
536659,PVV Infra Limited
536672,VCU DATA MANAGEMENT LTD
536709,IND Renewable Energy Ltd
536737,AMRAPALI CAPITAL AND FINANCE S
536773,JINDAL POLY INVESTMENT AND FIN
536846,YURANUS INFRASTRUCTURE LTD
536960,MOTILAL OSWAL MUTUAL FUND - MO
536974,CAPTAIN POLYPLAST LTD
537007,ICICI Prudential Nifty ETF
537008,ICICI Prudential Nifty 100 ETF
537069,ARNOLD HOLDINGS LTD
537253,SUNIL HEALTHCARE LTD
537254,JTL DEFENCE LIMITED
537259,SUYOG TELEMATICS LTD
537291,NATH BIO-GENES (INDIA) LTD
537292,AGRI- TECH (INDIA) LTD
537326,CHEMTECH INDUSTRIAL VALVES LTD
537392,Keto Motors Limited
537483,NIPPON INDIA ETF NIFTY 100
537536,DENIS CHEM LAB LTD
537573,POLYMAC THERMOFORMERS LTD
537707,LADDU GOPAL ONLINE SERVICES LI
537708,KOTAK MAHINDRA MUTUAL FUND - K
537709,SHREE HANUMAN SUGAR & INDUSTRI
537750,KIRAN VYAPAR LTD
537766,B.C. POWER CONTROLS LTD
537785,RACE ECO CHAIN LIMITED
537800,MANGALAM INDUSTRIAL FINANCE LT
537820,VIJI FINANCE LTD
537839,HBG HOTELS LIMITED
537840,RAUNAQ INTERNATIONAL LIMITED
537985,INFRONICS SYSTEMS LTD
538057,CPSE ETF
538081,HARIA APPARELS LTD
538092,SHRI VASUPRADA PLANTATIONS LIM
538119,R&B DENIMS LTD
538212,SHARP INVESTMENTS LTD
538268,WONDERLA HOLIDAYS LTD
538273,RESPONSE INFORMATICS LTD
538351,A.F. ENTERPRISES LTD
538365,INCREDIBLE INDUSTRIES LIMITED
538382,WEST LEISURE RESORTS LTD
538395,NAM SECURITIES LTD
538401,MAESTROS ELECTRONICS & TELECOM
538422,JACKSON INVESTMENTS LTD
538446,MONEYBOXX FINANCE LIMITED
538451,WORTH INVESTMENT & TRADING CO
538464,THIRANI PROJECTS LTD
538465,AMARNATH SECURITIES LTD
538476,CAPITAL TRADE LINKS LTD
538520,SHIVAMSHREE BUSINESSES LIMITED
538539,ANNVRRIDHHI VENTURES LIMITED
538540,RAAMA FINANCE LIMITED
538542,GOLD COIN HEALTH FOODS LTD
538546,BANSAL ROOFING PRODUCTS LTD
538556,ARMAN HOLDINGS LTD
538562,SKIPPER LTD
538563,SMT ENGINEERING LIMITED
538564,JAMES WARREN TEA LTD
538565,Vistar Amar Limited
538567,GULF OIL LUBRICANTS INDIA LTD
538568,FRUITION VENTURE LTD
538569,TRIVENI ENTERPRISES LTD
538579,ZINEMA MEDIA AND ENTERTAINMENT
538596,CEMANTIC INFRA-TECH LIMITED
538597,TTI ENTERPRISE LTD
538598,VISHAL FABRICS LTD
538607,TOYAM SPORTS LIMITED
538609,GAJANAN SECURITIES SERVICES LT
538610,UNISON METALS LTD
538634,VASUNDHARA RASAYANS LTD
538635,SNOWMAN LOGISTICS LTD
538646,QGO FINANCE LIMITED
538647,PURSHOTTAM INVESTOFIN LTD
538666,Sharda Cropchem Limited
538668,Meghna Infracon Infrastructure
538674,City Online Services Limited
538683,NIPPON INDIA ETF SENSEX
538685,SHEMAROO ENTERTAINMENT LIMITED
538706,Ultracab (India) Limited
538708,Econo Trade (India) Limited
538713,Atishay Limited
538714,Sangam Finserv Limited
538715,Dhabriya Polywood Limited
538716,Aryaman Capital Markets Limite
538730,PDS LIMITED
538731,HANMAN FIT LIMITED
538732,Vibrant Global Capital Limited
538734,CEINSYS TECH LIMITED
538742,PANABYTE TECHNOLOGIES LIMITED
538765,JLA Infraville Shoppers Limite
538770,Crane Infrastructure Limited
538772,Niyogin Fintech Limited
538777,ASIA CAPITAL LIMITED
538778,Kalyan Capitals Limited
538786,Citizen Solar Limited
538787,Goenka Business & Finance Limi
538788,Gilada Finance & Investments L
538795,Shree Ajit Pulp And Paper Ltd.
538812,Aanchal Ispat Limited
538817,Captain Pipes Limited
538833,KAIZEN AGRO INFRABUILD LIMITED
538834,JMJ Fintech Limited
538835,INTELLECT DESIGN ARENA LIMITED
538836,Monte Carlo Fashions Limited
538837,Jeevan Scientific Technology L
538838,Indo Cotspin Limited
538857,Scintilla Commercial & Credit
538860,PANAFIC INDUSTRIALS LTD
538862,My Money Securities Ltd.
538868,Continental Securities Limited
538874,NEXUS SURGICAL AND MEDICARE LI
538882,Emerald Finance Limited
538890,M. K. Exim (India) Ltd.
538891,MAGELLANIC CLOUD LIMITED
538894,Octal Credit Capital Ltd.
538895,Mihika Industries Ltd.
538896,Kanchi Karpooram Ltd.
538897,Shri Niwas Leasing and Finance
538902,Dhunseri Tea & Industries Ltd
538918,Vani Commercials Limited
538920,VINTAGE COFFEE AND BEVERAGES L
538922,COSYN Limited
538923,SOFCOM SYSTEMS LIMITED
538926,Naturite Agro Products Limited
538928,Karnavati Finance Limited
538935,Abhishek Finlease limited
538943,Sonal Mercantile Limited
538952,Abhinav Leasing & Finance Limi
538961,GENUS PAPER & BOARDS LIMITED
538962,Minda Corporation Limited
538964,Mercury Laboratories Limited
538965,Concord Drugs Limited
538970,WARDWIZARD INNOVATIONS AND MOB
538975,Shree Securities Ltd.
538979,Greenlam Industries Ltd
538987,TALBROS ENGINEERING LIMITED
538992,Sar  Auto Products Limited
539006,PTC Industries Ltd.
539011,CHENNAI FERROUS INDUSTRIES LIM
539012,Megri Soft Limited
539013,GITA RENEWABLE ENERGY LIMITED
539014,Kalpa Commercial Limited
539016,Neil Industries Ltd.
539017,STAR HOUSING FINANCE LIMITED
539018,Beekay Steel Industries Ltd.
539031,SBI Mutual Fund
539032,Fraser And Company Limited
539040,TIRUPATI INNOVAR LIMITED
539041,GANESHA ECOVERSE LIMITED
539042,AGI Infra Limited
539044,Manaksia Steels Limited
539045,Manaksia Aluminium Company Ltd
539046,Manaksia Coated Metals & Indus
539056,IMAGICAAWORLD ENTERTAINMENT LI
539083,Inox Wind Limited
539090,Rajputana Investment and Finan
539091,Consecutive Commodities Limite
539097,UR SUGAR INDUSTRIES LIMITED
539112,SAB INDUSTRIES LIMITED
539113,Paul Merchants Ltd.
539115,ALAN SCOTT ENTERPRISES LIMITED
539117,Sujala Trading & Holding Ltd.
539118,VRL Logistics Limited
539120,GRAMEVA LIMITED
539121,Palco Metals Limited
539122,Bodhtree Consulting Limited
539123,V B INDUSTRIES LIMITED
539124,Survottam Finvest Ltd.
539126,MEP Infrastructure Developers
539132,Wardwizard Foods and Beverages
539141,UFO Moviez India Limited
539143,PANTH INFINITY LIMITED
539148,Shivalik Rasayan Ltd.
539149,Integrated Capital Services Lt
539150,PNC Infratech Limited
539151,Arfin India Limited
539167,Virat Leasing Limited
539174,Helpage Finlease Ltd.
539177,Authum Investment & Infrastruc
539189,Adhbhut Infrastructure Ltd.
539190,Decillion Finance Ltd.
539195,POCL ENTERPRISES LTD
539196,Amba Enterprises Ltd.
539199,SG FINSERVE LIMITED
539200,NOBLE POLYMERS LIMITED
539201,SATIA INDUSTRIES LIMITED
539206,GENOMIC VALLEY BIOTECH LIMITED
539216,GARMENT MANTRA LIFESTYLE LIMIT
539217,Srestha Finvest Limited
539218,Saumya Consultants Ltd.
539219,MAURIA UDYOG LIMITED
539220,Mishka Exim Limited
539221,Sportking India Ltd.
539222,GROWINGTON VENTURES INDIA LIMI
539224,HCKK Ventures Limited
539226,RUDRA GLOBAL INFRA PRODUCTS LI
539227,Loyal Equipments Limited
539228,Gala Global Products Limited
539251,Balkrishna Paper Mills Ltd.
539252,Shyam Century Ferrous Limited
539254,Adani Energy Solutions Limited
539255,STAR DELTA TRANSFORMERS LIMITE
539267,SAMSRITA LABS LIMITED
539268,Syngene International Limited
539275,Mangalam Seeds Limited
539276,Kaya Limited
539278,Symbiox Investment & Trading C
539287,ORTIN GLOBAL LIMITED
539289,AURUM PROPTECH LIMITED
539290,Oswal Greentech Limited
539300,SUNRAKSHAKK INDUSTRIES INDIA L
539301,Arvind SmartSpaces Limited
539302,Power Mech Projects Limited
539309,Rama Steel Tubes Limited
539310,THINKINK PICTUREZ LIMITED
539312,UTI BSE Sensex ETF
539313,UTI Mutual Fund
539314,Universal Autofoundry Limited
539331,VETO SWITCHGEARS AND CABLES LI
539332,Navkar Corporation Limited
539334,Shree Pushkar Chemicals & Fert
539335,Callista Industries Limited
539336,Gujarat Energy Limited
539337,WAAREE TECHNOLOGIES LIMITED
539346,Sadbhav Infrastructure Project
539353,SAL AUTOMOTIVE LIMITED
539354,Polyspin Exports Ltd.
539359,Pritika Auto Industries Limite
539383,Mahaveer Infoway Limited
539384,Krishna Capital And Securities
539391,Acme Resources Limited
539398,Vishal Bearings Limited
539399,Bella Casa Fashion & Retail Li
539400,MALLCOM (INDIA) LTD.
539402,Naksh Precious Metals Limited
539404,SATIN CREDITCARE NETWORK LIMIT
539407,Generic Engineering Constructi
539408,Kuber Udyog Limited
539409,NEERAJ PAPER MARKETING LIMITED
539428,Tejnaksh Healthcare Limited
539435,Richfield Financial Services L
539436,Coffee Day Enterprises Limited
539437,IDFC FIRST BANK LIMITED
539448,InterGlobe Aviation Limited
539449,IGC Industries Limited
539450,S H Kelkar and Company Limited
539455,ECOFINITY ATOMIX LIMITED
539468,Typhoon Financial Services Lim
539469,PANORAMA STUDIOS INTERNATIONAL
539470,Shree Ganesh Biotech (India) L
539479,GTV Engineering Limited
539480,LIC MF EXHGE TRADED FUND-NIFTY
539492,Garbi Finvest Limited
539494,Smart Finsec Limited
539495,Rajkot Investment Trust Limite
539506,Adcon Capital Services Limited
539515,Quint Digital Limited
539516,HDFC Mutual Fund
539517,HDFC Mutual Fund
539518,Uday Jewellery Industries Limi
539519,SATTVA SUKUN LIFECARE LIMITED
539522,Grovy India Limited
539523,Alkem Laboratories Limited
539524,Dr. Lal Pathlabs Limited
539526,Suncare Traders Limited
539527,Creative Castings Limited
539528,AAYUSH WELLNESS LIMITED
539533,ELITECON INTERNATIONAL LIMITED
539542,LUX Industries Limited
539544,Abhishek Infraventures Limited
539546,AGRIBIO SPIRITS LIMITED
539551,Narayana Hrudayalaya Limited
539552,F MEC INTERNATIONAL FINANCIAL
539559,Deep Health AI India Limited
539561,SUPHA PHARMACHEM LIMITED
539562,AARNAV FASHIONS LIMITED
539593,Shivansh Finserv Limited
539594,Mishtann Foods Limited
539596,Delta Industrial Resources Lim
539598,AMPL Capital Limited
539599,Kotia Enterprises Limited
539607,Blue Cloud Softech Solutions L
539620,KANORIA ENERGY & INFRASTRUCTUR
539636,Precision Camshafts Limited
539658,TeamLease Services Limited
539659,VIKRAM KAMATS HOSPITALITY LIMI
539660,BEST AGROLIFE LIMITED
539661,ACE MEN ENGG WORKS LIMITED
539662,BFL Asset Finvest Limited
539669,RGF Capital Markets Limited
539673,Radhagobind Commercial Limited
539678,Quick Heal Technologies Limite
539679,Kapil Raj Finance Ltd.
539682,Mobavenue AI Tech Limited
539686,K.P. Energy Limited
539692,INTERACTIVE FINANCIAL SERVICES
539697,HILIKS TECHNOLOGIES LIMITED
539724,HYPERSOFT TECHNOLOGIES LIMITED
539725,Gokul Agro Resources Ltd
539730,Fredun Pharmaceuticals Limited
539742,Simbhaoli Sugars Ltd
539760,Relicab Cable Manufacturing Li
539761,Vantage Knowledge Academy Limi
539762,MODERN ENGINEERING AND PROJECT
539767,Mega Nirman & Industries Limit
539770,DARJEELING INDUSTRIIES LIMITED
539773,Advik Capital Limited
539785,Pudumjee Paper Products Limite
539787,HealthCare Global Enterprises
539798,Umiya Tubes Limited
539799,Bharat Wire Ropes Limited
539800,CHD Chemicals Limited
539807,AvenuesAI Limited
539814,LE LAVOIR LIMITED
539834,Balgopal Commercial limited
539835,Superior Finlease Limited
539837,RAGHAV PRODUCTIVITY ENHANCERS
539841,Lancer Container Lines Limited
539843,NINtec Systems Limited
539854,Halder Venture Limited
539871,Thyrocare Technologies Limited
539872,Bajaj Healthcare Limited
539875,RSD Finance Limited
539876,Crompton Greaves Consumer Elec
539883,Pilani Investment And Industri
539884,Darshan Orna Limited
539889,Parag Milk Foods Limited
539894,Madhav Infra Projects Limited
539895,SPICE LOUNGE FOOD WORKS LIMITE
539900,DALMIA INDUSTRIAL DEVELOPMENT
539911,Svarnim Trade Udyog Limited
539921,Shanti Educational Initiatives
539922,Rotographics (India) Limited
539938,Medico Intercontinental Limite
539939,Yash Chemex Limited
539945,ICICI Prudential NV20 ETF
539946,Bazel International Limited
539956,TAAL TECH LIMITED
539957,Mahanagar Gas Limited
539963,Zeal Aqua Limited
539978,Quess Corp Limited
539979,DIGJAM LIMITED
539980,ICICI Prudential BSE Midcap Se
539986,Commercial Syn Bags Limited
539991,CONFIDENCE FUTURISTIC ENERGETE
539992,LLOYDS ENGINEERING WORKS LIMIT
539997,Kwality Pharmaceuticals Limite
540005,LTM LIMITED
540006,EAST WEST FREIGHT CARRIERS LTD
540008,Aditya Birla Sun Life BSE Sens
540023,COLORCHIPS NEW MEDIA LIMITED
540025,Advanced Enzyme Technologies L
540026,Ladam Affortable Housing Limit
540047,Dilip Buildcon Limited
540048,S.P. Apparels Limited
540061,Bigbloc Construction Limited
540065,RBL Bank Limited
540066,AMS POLYMERS LIMITED
540072,Shiva Granito Export Limited
540073,BLS International Services Ltd
540078,Mitsu Chem Plast Limited
540079,Sprayking Limited
540080,Dhatre Udyog Limited
540083,TV VISION LIMITED
540097,GAMCO LIMITED
540115,L&T Technology Services Limite
540124,G N A Axles Limited
540125,Radhika Jeweltech Limited
540132,Sabrimala Industries India Lim
540133,ICICI Prudential Life Insuranc
540135,ARC Finance Limited
540136,HPL Electric & Power Limited
540143,Sagarsoft (India) Limited
540145,Valiant Organics Limited
540147,Shashijit Infraprojects Limite
540153,Endurance Technologies Limited
540154,Bandhan Mutual Fund
540159,PURPLE AGROTECH INDUSTRIES LIM
540168,Supra Pacific Financial Servic
540173,PNB Housing Finance Limited
540174,SOUTHERN INFOCONSULTANTS LIMIT
540175,REGENCY FINCORP LIMITED
540180,Varun Beverages Limited
540190,Franklin Industries Limited
540192,LKP Securities Limited
540198,OSIAJEE TEXFAB LIMITED
540199,Corporate Merchant Bankers Lim
540203,Sheela Foam Limited
540204,EIKO LIFESCIENCES LIMITED
540205,Aditya Vision Limited
540210,Heads UP Ventures Limited
540212,TCI Express Limited
540222,Laurus Labs Limited
540243,NEW LIGHT INDUSTRIES LIMITED
540252,Viram Suvarn Limited
540254,MARG TECHNO PROJECTS LIMITED
540259,SHANGAR DECOR LIMITED
540266,Globe Commercials Limited
540267,Flora Corporation Limited
540268,TruCap Finance Limited
540293,Pricol Limited
540311,JITF INFRALOGISTICS LIMITED
540358,RMC SWITCHGEARS LIMITED
540359,Parmax Pharma Limited
540360,LEADING LEASING FINANCE AND IN
540361,DANUBE INDUSTRIES LIMITED
540366,Music Broadcast Limited
540376,Avenue Supermarts Limited
540377,IFL ENTERPRISES LIMITED
540386,Ontic Finserve Limited
540393,Sarthak Metals Limited
540395,Chemcrux Enterprises Limited
540396,Manomay Tex India Limited
540401,Maximus International Limited
540403,CL Educate Limited
540404,PRIME FRESH LIMITED
540405,Oceanic Foods Limited
540425,Shankara Building Products Lim
540455,Escorp Asset Management Limite
540467,PARMESHWARI SILK MILLS LIMITED
540481,Classic Leasing & Finance Ltd.
540492,STARLINEPS ENTERPRISES LIMITED
540497,S Chand And Company Limited
540515,KANUNGO FINANCIERS LIMITED
540519,Meera Industries Limited
540526,IRB InvIT Fund
540530,Housing &Urban Development Cor
540544,PSP Projects Limited
540545,GURU KRUPA GEMS AND JEWELLERY
540565,IndiGrid Infrastructure Trust
540570,VARIMAN GLOBAL ENTERPRISES LIM
540575,Star Cement Limited
540590,Riddhi Corporate Services Limi
540595,Tejas Networks Limited
540596,Eris Lifesciences Limited
540597,Containerway International Lim
540602,GTPL Hathway Limited
540611,AU Small Finance Bank Limited
540612,ICICI Prudential Nifty Low Vol
540613,Gautam Exim Limited
540615,7NR Retail Limited
540642,Salasar Techno Engineering Lim
540648,Palash Securities Limited
540649,AVADH SUGAR & ENERGY LIMITED
540650,Magadh Sugar & Energy Limited
540652,Captain Technocast Limited
540654,GlobalSpace Technologies Limit
540669,UTI Mutual Fund
540673,SIS LIMITED
540678,Cochin Shipyard Limited
540680,KIOCL Limited
540686,Smruthi Organics Limited
540691,Aditya Birla Capital Ltd
540692,Apex Frozen Foods Limited
540693,Shish Industries Limited
540694,ANG Lifesciences India Limited
540696,KCD INDUSTRIES INDIA LIMITED
540699,Dixon Technologies (India) Lim
540700,Bharat Road Network Limited
540701,Dishman Carbogen Amcis Limited
540702,Lasa Supergenerics Limited
540703,PRO CLB GLOBAL LIMITED
540704,Matrimony.com Limited
540709,Reliance Home Finance Limited
540710,Capacite Infraprojects Limited
540716,ICICI Lombard General Insuranc
540717,Polo Queen Industrial and Fint
540718,AAYUSH ART AND BULLION LIMITED
540719,SBI Life Insurance Company Lim
540724,Prataap Snacks Limited
540725,Share India Securities Limited
540726,Trident Texofab Limited
540727,Poojawestern Metaliks Limited
540728,Sayaji Industries Limited
540730,Mehai Technology  Limited
540735,IRIS RegTech Solutions Limited
540737,Shree Ganesh Remedies Limited
540738,Shreeji Translogistics Limited
540743,Godrej Agrovet Limited
540749,MAS Financial Services Limited
540750,Indian Energy Exchange Limited
540755,General Insurance Corporation
540757,SHEETAL COOL PRODUCTS LIMITED
540762,Tube Investments of India Ltd
540767,NIPPON LIFE INDIA ASSET MANAGE
540768,Mahindra Logistics Limited
540769,The New India Assurance Compan
540774,IFGL Refractories Limited
540775,Khadim India Limited
540776,5paisa Capital Limited
540777,HDFC LIFE INSURANCE COMPANY LI
540786,SHARIKA ENTERPRISES LIMITED
540787,ICICI Prudential Mutual Fund
540788,Aspira Pathlab & Diagnostics L
540789,Diligent Media Corporation Lim
540795,Dynamic Cables Limited
540797,Shalby Limited
540809,MRC AGROTECH LIMITED
540821,CRYSTAL BUSINESS SYSTEM LIMITE
540824,Astron Paper & Board Mill Limi
540829,Chandrima Mercantiles limited
540850,Jhandewalas Foods Limited
540874,7SEAS ENTERTAINMENT LIMITED
540879,Apollo Micro Systems Limited
540900,Newgen Software Technologies L
540901,Praxis Home Retail Limited
540902,Amber Enterprises India Limite
540904,TIRUPATI FOAM LIMITED
540914,SRU Steels Limited
540923,Ashoka Metcast Limited
540935,Galaxy Surfactants Limited
540936,Gautam Gems Limited
540937,MEDICO REMEDIES LIMITED
540938,Gujarat Hy-Spin Limited
540952,LORENZINI APPARELS LIMITED
540953,Kenvi Jewels Limited
540954,The Indian Wood Products Co. L
540955,Tasty Dairy Specialities Limit
540956,Bhatia Communications & Retail
540961,Shiva Mills Limited
540975,ASTER DM QUALITY CARE LIMITED
540980,The Yamuna Syndicate Ltd
541005,KANCO TEA & INDUSTRIES LIMITED
541019,H.G. Infra Engineering Limited
541083,Inflame Appliances Limited
541096,Bharat Parenterals Limited
541097,DSP NIFTY 1D Rate Liquid ETF
541112,Shreeshay Engineers Limited
541143,Bharat Dynamics Limited
541144,Active Clothing Co  Limited
541152,GOYAL ALUMINIUMS LIMITED
541153,Bandhan Bank Limited
541154,Hindustan Aeronautics Limited
541161,DHARAN INFRA-EPC LIMITED
541163,Sandhar Technologies Limited
541167,YASHO INDUSTRIES LIMITED
541195,Mishra Dhatu Nigam Limited
541206,OBCL Limited
541228,Taylormade Renewables Limited
541233,Lemon Tree Hotels Limited
541269,Chemfab Alkalis Ltd
541276,HARDWYN INDIA LIMITED
541299,DR LALCHANDANI LABS LIMITED
541301,Orient Electric Limited
541302,Dhruv Consultancy Services Lim
541303,Akshar Spintex Limited
541304,Indo US Bio-Tech Limited
541313,ICICI Prudential BSE 500 ETF
541336,IndoStar Capital Finance Limit
541338,U. H. ZAVERI LIMITED
541347,Parvati Sweetners and Power Lt
541352,Megastar Foods Limited
541353,Innovators Facade Systems Limi
541358,UNIFINZ CAPITAL INDIA LIMITED
541400,ZIM Laboratories Limited
541402,Affordable Robotic & Automatio
541403,Dollar Industries Limited
541418,NAKODA GROUP OF INDUSTRIES LIM
541444,Palm Jewels Limited
541445,Waa Solar Limited
541450,Adani Green Energy Limited
541503,Unick Fix-A- Form and Printers
541540,SOLARA ACTIVE PHARMA SCIENCES
541546,GAYATRI HIGHWAYS LTD
541556,RITES Limited
541557,Fine Organic Industries Limite
541578,Varroc Engineering Limited
541601,Rajnish Wellness Limited
541627,Gujarat Winding Systems Limite
541634,Raw Edge Industrial Solutions
541702,Ashnisha Industries Limited
541729,HDFC Asset Management Company
541735,Vivanta Industries Limited
541741,Fratelli Vineyards Limited
541770,CreditAccess Grameen Ltd.
541771,AMIN TANNERY LIMITED
541778,Deep Polymers Limited
541799,Sungold Media and Entertainmen
541809,ICICI Prudential Mutual Fund
541865,Add-Shop E-Retail Limited
541890,Space Incubatrics Technologies
541929,Synergy Green Industries Limit
541946,ICICI Prudential BSE Liquid Ra
541956,IRCON International Ltd
541967,Sky Gold And Diamonds Limited
541972,SBI Mutual Fund
541974,Manorama Industries Limited
541988,AAVAS Financiers Limited
542011,Garden Reach Shipbuilders & En
542012,A-1 LIMITED
542013,Dolfin Rubbers Limited
542019,Shubham Polyspin Limited
542020,AKI India Limited
542025,Sun Retail Limited
542034,S. M. Gold Limited
542046,VIVID MERCANTILE LIMITED
542057,BCPL Railway Infrastructure Li
542066,ADANI TOTAL GAS LIMITED
542123,The Phosphate Company Limited
542131,Mirae Asset Mutual Fund
542141,Techno Electric & Engineering
542145,Roni Households Limited
542176,Aryan Share & Stock Brokers Lt
542206,NIVAKA FASHIONS LIMITED
542216,DALMIA BHARAT LIMITED
542230,Aditya Birla Sun Life Mutual F
542231,Nila Spaces Ltd
542232,Shankar Lal Rampal Dye-Chem Li
542233,Trejhara Solutions Limited
542248,Deccan Health Care Limited
542285,Axita Cotton Limited
542323,KPI Green Energy Limited
542332,Hi-Klass Trading and Investmen
542333,RPSG VENTURES LIMITED
542337,Spencer's Retail Limited
542351,Gloster Ltd
542367,Xelpmoc Design and Tech Limite
542383,Ritco Logistics Limited
542399,Chalet Hotels Limited
542437,Anmol India Limited
542446,Jonjua Overseas Limited
542459,Kranti Industries Limited
542460,The Anup Engineering Ltd
542484,Arvind Fashions Limited
542503,Mahip Industries Limited
542513,UTI BSE  Sensex Next 50 ETF
542524,AMBASSADOR INTRA HOLDINGS LIMI
542543,Energy Infrastructure Trust
542579,Ashapuri Gold Ornament Limited
542580,Aartech Solonics Limited
542592,Humming Bird Education Limited
542597,MSTC Limited
542602,Embassy Office Parks REIT
542627,Chandni Machines Limited
542628,Northern Spirits Limited
542649,Rail Vikas Nigam Limited
542650,Metropolis Healthcare Limited
542651,KPIT Technologies Ltd
542652,Polycab India Limited
542654,V R FILMS & STUDIOS LIMITED
542655,VIKAS LIFECARE LIMITED
542665,Neogen Chemicals Limited
542666,G. K. P. Printing & Packaging
542668,EVANS ELECTRIC LIMITED
542669,BMW INDUSTRIES LIMITED
542670,Artemis Electricals and Projec
542677,Mahesh Developers Limited
542679,Dhanashree Electronics Limited
542682,Harish Textile Engineers Limit
542684,Prakash Pipes Limited
542685,Digicontent Limited
542694,Parshva Enterprises Limited
542721,Anand Rayons Limited
542725,SBC EXPORTS LIMITED
542726,IndiaMART InterMESH Limited
542727,CITY PULSE MULTIVENTURES LIMIT
542729,DCM NOUVELLE LIMITED
542730,ICICI Prudential Mutual Fund
542747,NIPPON INDIA ETF SENSEX NEXT 5
542752,AFFLE 3I LIMITED
542758,ICICI Prudential Mutual Fund
542759,Spandana Sphoorty Financial Li
542760,STERLING AND WILSON RENEWABLE
542770,Alphalogic Techsys Limited
542772,360 ONE WAM LIMITED
542773,IIFL CAPITAL SERVICES LIMITED
542774,MUFIN GREEN FINANCE LIMITED
542801,Misquita Engineering Limited
542802,Galactico Corporate Services L
542803,Vaxfab Enterprises Limited
542812,Gujarat Fluorochemicals Limite
542830,Indian Railway Catering and To
542850,GOBLIN INDIA LIMITED
542851,Gensol Engineering Limited
542852,Vishwaraj Sugar Industries Lim
542857,Greenpanel Industries Limited
542862,Shahlon Silk Industries Limite
542863,Aditya Birla Sun Life Mutual F
542865,Anuroop Packaging Limited
542867,CSB Bank Limited
542904,Ujjivan Small Finance Bank Lim
542905,Hindware Home Innovation Limit
542907,Prince Pipes and Fittings Limi
542909,Edelweiss Mutual Fund
542911,Assam Entrade Limited
542918,Gian Life Care Limited
542919,Artemis Medicare Services Limi
542920,SUMITOMO CHEMICAL INDIA LIMITE
542921,ICICI Prudential Mutual Fund
542922,Mirae Asset Mutual Fund
542933,UNIVERSUS PHOTO IMAGINGS LIMIT
542934,Chandra Bhagat Pharma Limited
543064,Cohance Lifesciences Limited
543065,SM Auto Stamping Limited
543066,SBI CARDS AND PAYMENT SERVICES
543071,Nippon India Mutual Fund
543079,Nippon India Mutual Fund
543083,Nippon India Mutual Fund
543099,UTI Mutual Fund
543144,Nippon India Mutual Fund
543150,Nippon India Mutual Fund
543153,Nippon India Mutual Fund
543161,Nippon India Mutual Fund
543165,Nippon India Mutual Fund
543167,Nippon India Mutual Fund
543171,RO Jewels Limited
543173,Nippon India Mutual Fund
543174,Nippon India Mutual Fund
543175,Nippon India Mutual Fund
543176,Nippon India Mutual Fund
543177,Nippon India Mutual Fund
543178,Nippon India Mutual Fund
543181,Nippon India Mutual Fund
543182,Nippon India Mutual Fund
543184,Nippon India Mutual Fund
543186,Nippon India Mutual Fund
543187,HITACHI ENERGY INDIA LIMITED
543193,DJ Mediaprint & Logistics Limi
543207,Natural Biocon (India) Limited
543208,REGIS INDUSTRIES LIMITED
543210,Aarti Surfactants Limited
543211,BONLON INDUSTRIES LIMITED
543212,Borosil Limited
543213,ROSSARI BIOTECH LIMITED
543214,NDR Auto Components Limited
543216,Edelweiss Mutual Fund
543217,Mindspace Business Parks REIT
543218,SURATWWALA BUSINESS GROUP LIMI
543219,ICICI Prudential Mutual Fund
543220,Max Healthcare Institute Limit
543221,ICICI Prudential Mutual Fund
543223,Max India Limited
543224,HDFC Mutual Fund
543225,Altius Telecom Infrastructure
543226,UTI Mutual Fund
543227,Happiest Minds Technologies Li
543228,Route Mobile Limited
543230,ADVAIT ENERGY TRANSITIONS LIMI
543232,Computer Age Management Servic
543233,Chemcon Speciality Chemicals L
543234,Secmark Consultancy Limited
543235,ANGEL ONE LIMITED
543236,Atam Valves Limited
543237,Mazagon Dock Shipbuilders Limi
543238,UTI Asset Management Company L
543240,Likhitha Infrastructure Limite
543241,Veer Global Infraconstruction
543242,Hemisphere Properties India Li
543243,Equitas Small Finance Bank Lim
543244,Shine Fashions (India) Limited
543245,Gland Pharma Limited
543246,Mirae Asset Mutual Fund
543248,Restaurant Brands Asia Limited
543249,TARC LIMITED
543250,Motilal Oswal Mutual Fund
543251,Ravinder Heights Limited
543252,Fairchem Organics Limited
543253,Mrs. Bectors Food Specialities
543254,Antony Waste Handling Cell Lim
543255,Nippon India Mutual Fund
543256,RITA FINANCE AND LEASING LIMIT
543257,Indian Railway Finance Corpora
543258,Indigo Paints Limited
543259,Home First Finance Company Ind
543260,STOVE KRAFT LIMITED
543261,Brookfield India Real Estate T
543262,MRP Agro Limited
543263,SMC Global Securities Limited
543264,Nureca Limited
543265,RailTel Corporation of India L
543266,Heranba Industries Limited
543267,Davangere Sugar Company Limite
543268,DRC Systems India Limited
543270,MTAR Technologies Limited
543271,Jubilant Ingrevia Limited
543272,Easy Trip Planners Limited
543273,Knowledge Marine & Engineering
543275,Anupam Rasayan India Limited
543276,Craftsman Automation Limited
543277,Laxmi Organic Industries Limit
543278,Kalyan Jewellers India Limited
543279,Suryoday Small Finance Bank Li
543280,Nazara Technologies Limited
543281,Suvidhaa Infoserve Limited
543283,UNITED FOODBRANDS LIMITED
543284,EKI Energy Services Limited
543285,Rajeshwari Cans Limited
543287,Lodha Developers Limited
543288,Deep Industries Limited
543290,POWERGRID Infrastructure Inves
543291,Mirae Asset Mutual Fund
543292,ICICI Prudential Mutual Fund
543298,Vineet Laboratories Limited
543299,Shyam Metalics and Energy Limi
543300,Sona BLW Precision Forgings Li
543306,Dodla Dairy Limited
543308,Krishna Institute of Medical S
543309,Adeshwar Meditex Limited
543311,India Pesticides Limited
543312,Focus Business Solution Limite
543317,G R Infraprojects Limited
543318,Clean Science and Technology L
543320,Eternal Limited
543321,Tatva Chintan Pharma Chem Limi
543322,ALIVUS LIFE SCIENCES LIMITED
543323,Mirae Asset Mutual Fund
543324,Gretex Corporate Services Limi
543325,Rolex Rings Limited
543326,ICICI Prudential Mutual Fund
543327,Exxaro Tiles Limited
543328,Krsnaa Diagnostics Limited
543329,Windlas Biotech Limited
543330,Devyani International Limited
543331,Meghmani Organics Limited
543332,Epigral Limited
543333,CarTrade Tech Limited
543334,Nuvoco Vistas Corporation Limi
543335,Aptus Value Housing Finance In
543336,Chemplast Sanmar Limited
543341,SHARPLINE BROADCAST LIMITED
543347,Axis Mutual Fund
543348,Axis Mutual Fund
543349,ACUTAAS CHEMICALS LIMITED
543350,Vijaya Diagnostic Centre Limit
543351,Naapbooks Limited
543358,Sansera Engineering Limited
543363,Prevest Denpro Limited
543364,Markolines Pavement Technologi
543365,Mirae Asset Mutual Fund
543366,SBL Infratech Limited
543367,Paras Defence and Space Techno
543373,Shri Venkatesh Refineries Limi
543374,Aditya Birla Sun Life AMC Limi
543375,Promax Power Limited
543376,Samor Reality Limited
543377,Adishakti Loha and Ispat Limit
543378,CWD Limited
543383,ICICI Prudential Mutual Fund
543384,FSN E-Commerce Ventures Limite
543386,Fino Payments Bank Limited
543387,S.J.S. Enterprises Limited
543388,DSP Nifty 50 Equal Weight ETF
543389,Sigachi Industries Limited
543390,PB Fintech Limited
543396,One 97 Communications Limited
543397,Sapphire Foods India Limited
543398,Latent View Analytics Limited
543399,Tarsons Products Limited
543401,Go Fashion (India) Limited
543410,DMR ENGINEERING LIMITED
543411,HI-TECH PIPES LIMITED
543412,Star Health and Allied Insuran
543413,Tega Industries Limited
543414,Mirae Asset Mutual Fund
543415,Anand Rathi Wealth Limited
543416,Zodiac Energy Limited
543417,RateGain Travel Technologies L
543418,Edelweiss Mutual Fund
543419,Shriram Properties Limited
543420,Jet Freight Logistics Limited
543425,C.E. Info Systems Limited
543426,Metro Brands Limited
543427,Medplus Health Services Limite
543428,Data Patterns (India) Limited
543433,HP Adhesives Limited
543434,Supriya Lifescience Limited
543437,Motilal Oswal Mutual Fund
543438,DSP Nifty Midcap 150 Quality 5
543440,DSP Nifty 50 ETF
543441,CMS Info Systems Limited
543442,Brand Concepts Limited
543449,WONDER ELECTRICALS LIMITED
543450,ICICI Prudential Mutual Fund
543451,AGS TRANSACT TECHNOLOGIES LIMI
543452,ICICI Prudential Mutual Fund
543454,Mirae Asset Mutual Fund
543458,AWL AGRI BUSINESS LIMITED
543461,Safa Systems & Technologies Li
543462,DEV INFORMATION TECHNOLOGY LIM
543463,Vedant Fashions Limited
543464,Maruti Interior Products Limit
543465,Motilal Oswal Mutual Fund
543471,Aditya Birla Sun Life Mutual F
543472,Aditya Birla Sun Life Mutual F
543473,Aditya Birla Sun Life Mutual F
543474,Aditya Birla Sun Life Mutual F
543480,ICICI Prudential Mutual Fund
543481,Mirae Asset Mutual Fund
543482,Eureka Forbes Limited
543489,Gateway Distriparks Limited
543490,GMR Power and Urban Infra Limi
543497,Bhatia Colour Chem Limited
543498,Motherson Sumi Wiring India Li
543499,Achyut Healthcare Limited
543501,Motilal Oswal Mutual Fund
543512,Avro India Limited
543513,Uma Exports Limited
543514,Veranda Learning Solutions Lim
543515,Sunrise Efficient Marketing Li
543516,DHYAANI TRADEVENTTURES LIMITED
543517,Hariom Pipe Industries Limited
543520,Global Longlife Hospital and R
543522,Nanavati Ventures Limited
543523,Campus Activewear Limited
543524,Rainbow Children's Medicare Li
543525,Silver Touch Technologies Limi
543526,LIFE INSURANCE CORPORATION OF
543527,Prudent Corporate Advisory Ser
543528,Venus Pipes & Tubes Limited
543529,Delhivery Limited
543530,Paradeep Phosphates Limited
543531,Tierra Agrotech Limited
543532,ETHOS LIMITED
543533,eMudhra Limited
543534,Aether Industries Limited
543538,Goel Food Products Limited
543539,MODI'S NAVNIRMAN LIMITED
543542,KESAR INDIA LIMITED
543543,B-RIGHT REALESTATE LIMITED
543545,Veerkrupa Jewellers Limited
543546,HEALTHY LIFE AGRITEC LIMITED
543547,DDEV PLASTIKS INDUSTRIES LIMIT
543563,Motilal Oswal Mutual Fund
543568,ICICI Prudential Mutual Fund
543569,HDFC Mutual Fund
543570,HDFC Mutual Fund
543571,ICICI Prudential Mutual Fund
543572,DSP Silver ETF
543573,Syrma SGS Technology Limited
543574,Aditya Birla Sun Life Mutual F
543575,Aditya Birla Sun Life Mutual F
543576,Motilal Oswal Mutual Fund
543578,Olatech Solutions Limited
543590,Rhetan TMT Limited
543591,DREAMFOLKS SERVICES LIMITED
543592,HDFC Mutual Fund
543593,Dhampur Bio Organics Limited
543594,DIPNA PHARMACHEM LIMITED
543595,EP BIOCOMPOSITES LIMITED
543596,Tamilnad Mercantile Bank Limit
543597,Virtuoso Optoelectronics Limit
543599,Ksolves India Limited
543600,Harsha Engineers International
543605,HDFC Mutual Fund
543607,HDFC Mutual Fund
543608,HDFC Mutual Fund
543614,Tips Films Limited
543616,Trident Lifeline Limited
543618,Cargotrans Maritime Limited
543619,Concord Control Systems Limite
543620,INSOLATION ENERGY LIMITED
543623,VEDANT ASSET LIMITED
543626,Electronics Mart India Limited
543627,HDFC Mutual Fund
543628,HDFC Mutual Fund
543635,PIRAMAL PHARMA LIMITED
543636,Dc Infotech and Communication
543637,PACE E-COMMERCE VENTURES LIMIT
543638,Tracxn Technologies Limited
543643,Narmada Agrobase Limited
543644,InfoBeans Technologies Limited
543650,DCX Systems Limited
543652,FUSION FINANCE LIMITED
543653,Bikaji Foods International Lim
543654,Global Health Limited
543655,Anzen India Energy Yield Plus
543656,Technopack Polymers Limited
543657,Archean Chemical Industries Li
543663,Five-Star Business Finance Ltd
543664,KAYNES TECHNOLOGY INDIA LIMITE
543665,HDFC Mutual Fund
543666,HDFC Mutual Fund
543667,INOX GREEN ENERGY SERVICES LIM
543668,B&B Triplewall Containers Limi
543669,Keystone Realtors Limited
543670,VINNY OVERSEAS LIMITED
543671,AAA TECHNOLOGIES LIMITED
543677,ICICI Prudential Mutual Fund
543678,AMBO AGRITEC LIMITED
543686,Sirca Paints India Limited
543687,Dharmaj Crop Guard Limited
543688,Sarveshwar Foods Limited
543689,Uniparts India Limited
543699,Edelweiss Mutual Fund
543709,PNGS GARGI FASHION JEWELLERY L
543710,ICICI Prudential Mutual Fund
543711,Sula Vineyards Limited
543712,ABANS FINANCIAL SERVICES LIMIT
543713,Droneacharya Aerial Innovation
543714,LANDMARK CARS LIMITED
543720,KFin Technologies Limited
543725,Elin Electronics Limited
543732,Radiant Cash Management Servic
543737,Aveer Foods Limited
543743,Aeroflex Neu Limited
543746,LOGICA INFOWAY LIMITED
543747,Kamdhenu Ventures Limited
543748,Aarti Pharmalabs Limited
543766,Ashika Global Securities Limit
543767,BODHI TREE MULTIMEDIA LIMITED
543768,NMDC Steel Limited
543769,INDONG TEA COMPANY LIMITED
543774,HDFC Mutual Fund
543775,HDFC Mutual Fund
543776,HDFC Mutual Fund
543781,Mirae Asset Mutual Fund
543782,Sealmatic India Limited
543787,Macfos Limited
543799,S. V. J. Enterprises Limited
543804,AMANAYA VENTURES LIMITED
543805,RESGEN LIMITED
543806,ITCONS E-Solutions Limited
543811,AIRAN LIMITED
543812,DIVGI TORQTRANSFER SYSTEMS LIM
543814,PROSPECT CONSUMER PRODUCTS LIM
543819,ICICI Prudential Mutual Fund
543828,SUDARSHAN PHARMA INDUSTRIES LI
543829,Global Surfaces Limited
543831,Bright Outdoor Media Limited
543848,Dev Labtech Venture Limited
543853,AXIS BSE SENSEX ETF
543860,J.A. Finance Limited
543861,Udayshivakumar infra limited
543874,Maiden Forgings Limited
543895,Exhicon Events Media Solutions
543896,Avalon Technologies Limited
543897,Sancode Technologies Limited
543898,BEML Land Assets Limited
543899,Cube Highways Trust
543900,UTI Mutual Fund
543901,ROBUST HOTELS LIMITED
543902,Retina Paints Limited
543903,DSP GOLD ETF
543904,Mankind Pharma Limited
543910,AVG Logistics Limited
543911,Atal Realtech Limited
543912,Power & Instrumentation (Gujar
543913,Nexus Select Trust
543914,Swati Projects Limited
543915,Pavna Industries Limited
543916,Hemant Surgical Industries Lim
543917,SIGMA SOLVE LIMITED
543918,GHCL Textiles Limited
543919,M.K.Proteins Limited
543920,CFF FLUID CONTROL LIMITED
543921,Comrade Appliances Limited
543922,Mirae Asset Mutual Fund
543923,IKIO Technologies Limited
543924,Sonalis Consumer Products Limi
543926,Bizotic Commercial Limited
543927,Asian Warehousing Limited
543928,Cosmic CRF Limited
543929,HMA Agro Industries Limited
543930,Uravi Defence and Technology L
543931,VEEFIN SOLUTIONS LIMITED
543932,IDEAFORGE TECHNOLOGY LIMITED
543933,Cyient DLM Limited
543935,DSP NIFTY IT ETF
543936,Senco Gold Limited
543939,Kaka Industries Limited
543940,Jio Financial Services Limited
543942,UTKARSH SMALL FINANCE BANK LIM
543943,ASARFI HOSPITAL LIMITED
543944,Mirae Asset Mutual Fund
543945,NETWEB TECHNOLOGIES INDIA LIMI
543946,Mirae Asset Mutual Fund
543947,DSP BSE Sensex ETF
543948,DSP NIFTY PSU BANK ETF
543949,DSP NIFTY PRIVATE BANK ETF
543950,YATHARTH HOSPITAL & TRAUMA CAR
543952,NIIT Learning Systems Limited
543953,Khazanchi Jewellers Limited
543954,Allcargo Terminals Limited
543955,Transindia Real Estate Limited
543956,ICICI Prudential Mutual Fund
543957,REDTAPE Limited
543958,VL E-Governance & IT Solutions
543959,SBFC Finance Limited
543960,Concord Biotech Limited
543962,D.P. WIRES LIMITED
543963,SHELTER PHARMA LIMITED
543965,TVS Supply Chain Solutions Lim
543969,Pyramid Technoplast Limited
543971,Bondada Engineering Limited
543972,Aeroflex Industries Limited
543973,HDFC Mutual Fund
543974,VISHNU PRAKASH R PUNGLIA LIMIT
543976,Shradha AI Technologies Limite
543977,Rishabh Instruments Limited
543978,Ratnaveer Precision Engineerin
543980,Jupiter Life Line Hospitals Li
543981,R R KABEL LIMITED
543982,QUEST FLOW CONTROLS LIMITED
543983,EMS LIMITED
543984,Samhi Hotels Limited
543985,ZAGGLE PREPAID OCEAN SERVICES
543986,South West Pinnacle Exploratio
543988,Nuvama Wealth Management Limit
543989,Sai Silks (Kalamandir) Limited
543990,SIGNATUREGLOBAL (INDIA) LIMITE
543991,TECHKNOWGREEN SOLUTIONS LIMITE
543992,YATRA ONLINE LIMITED
543993,ARCL Organics Ltd
543994,JSW Infrastructure Limited
543995,MANOJ VAIBHAV GEMS 'N' JEWELLE
543996,Updater Services Limited
543997,ORGANIC RECYCLING SYSTEMS LIMI
543998,Valiant Laboratories Limited
543999,Mirae Asset Mutual Fund
544000,CITY CROPS AGRO LIMITED
544001,Sunita Tools Limited
544003,Plaza Wires Limited
544004,IRM ENERGY LIMITED
544006,Mirae Asset Mutual Fund
544007,Mirae Asset Mutual Fund
544008,Max Estates Limited
544009,Blue Jet Healthcare Limited
544010,SBI Mutual Fund
544012,Cello World Limited
544014,Honasa Consumer Limited
544020,ESAF Small Finance Bank Ltd
544021,Protean eGov Technologies Limi
544022,ASK Automotive Limited
544023,Kalyani Cast-Tech Limited
544026,Indian Renewable Energy Develo
544027,Fedbank Financial Services Lim
544028,Tata Technologies Limited
544029,Gandhar Oil Refinery (India) L
544030,Flair Writing Industries Limit
544036,DEEPAK CHEMTEX LIMITED
544037,Amic Forging Limited
544042,Bajel Projects Limited
544043,BARODA BNP PARIBAS MUTUAL FUND
544044,India Shelter Finance Corporat
544045,DOMS Industries Limited
544046,INOX India Limited
544047,Siyaram Recycling Industries L
544053,Motisons Jewellers Limited
544054,Suraj Estate Developers Limite
544055,Muthoot Microfin Limited
544057,Happy Forgings Limited
544058,Credo Brands Marketing Limited
544060,RBZ Jewellers Limited
544061,Azad Engineering Limited
544066,SUNDARAM-CLAYTON LIMITED
544067,INNOVA CAPTAB LIMITED
544073,Manoj Ceramic Limited
544074,Shri Balaji Valve Components L
544079,DIGIDRIVE DISTRIBUTORS LIMITED
544080,Sayaji Hotels (Indore) Limited
544081,Jyoti CNC Automation Limited
544083,Shree Marutinandan Tubes Limit
544088,Medi Assist Healthcare Service
544089,Zerodha Mutual Fund
544090,Sayaji Hotels (Pune) Limited
544091,Qualitek Labs Limited
544092,Bajaj Finserv Mutual Fund
544093,Bajaj Finserv Mutual Fund
544094,Euphoria Infotech (India) Limi
544095,EPACK Durable Limited
544100,Nova Agritech Limited
544102,UTI Mutual Fund
544105,HARSHDEEP HORTICO LIMITED
544106,Mayank Cattle Food Limited
544107,BLS E-Services Limited
544108,Gabriel Pet Straps Limited
544109,DSP NIFTY Healthcare ETF
544110,HDFC Mutual Fund
544111,Apeejay Surrendra Park Hotels
544112,JASCH GAUGING TECHNOLOGIES LIM
544117,Signpost India Limited
544118,JANA SMALL FINANCE BANK LIMITE
544119,Rashi Peripherals Limited
544120,Capital Small Finance Bank Ltd
544121,Rudra Gas Enterprise Limited
544122,Entero Healthcare Solutions Li
544123,LIC Mutual Fund
544124,VIBHOR STEEL TUBES LIMITED
544129,Juniper Hotels Limited
544130,Mirae Asset Mutual Fund
544131,GPT Healthcare Limited
544132,Zerodha Mutual Fund
544133,EXICOM TELE-SYSTEMS LIMITED
544134,Platinum Industries Limited
544135,Mukka Proteins Limited
544136,R K Swamy Limited
544137,Indus Infra Trust
544138,J.G.Chemicals Limited
544139,KOURA FINE DIAMOND JEWELRY LIM
544140,Gopal Snacks Limited
544141,Pune E - Stock Broking Limited
544142,Shipping Corporation of India
544143,Royal Sense Limited
544144,Popular Vehicles and Services
544149,KRYSTAL INTEGRATED SERVICES LI
544150,KP GREEN ENGINEERING LIMITED
544151,CHATHA FOODS LIMITED
544157,Vruddhi Engineering Works Limi
544158,SRM CONTRACTORS LIMITED
544159,DSP BSE LIQUID RATE ETF
544160,Jay Kailash Namkeen Limited
544161,D P ABHUSHAN LIMITED
544162,Bharti Hexacom Limited
544165,SHIVAM CHEMICALS LIMITED
544166,EMMFORCE AUTOTECH LIMITED
544167,JNK India Limited
544170,Dolphin Kitchen Utensils and A
544171,Storage Technologies and Autom
544172,Indegene Limited
544174,TBO TEK LIMITED
544175,TGIF AGRIBUSINESS LIMITED
544176,Aadhar Housing Finance Limited
544177,Aztec Fluids & Machinery Limit
544179,Go Digit General Insurance Lim
544180,Mirae Asset Mutual Fund
544181,Awfis Space Solutions Limited
544184,Borosil Scientific Limited
544185,ADTECH SYSTEMS LIMITED
544186,Forbes Precision Tools and Mac
544187,KRONOX LAB SCIENCES LIMITED
544189,SATTRIX INFORMATION SECURITY L
544191,Purple Finance Limited
544192,Le Travenues Technology Limite
544193,Zerodha Mutual Fund
544194,Zerodha Mutual Fund
544196,BARODA BNP PARIBAS MUTUAL FUND
544197,JHS SVENDGAARD RETAIL VENTURES
544198,DEE DEVELOPMENT ENGINEERS LIMI
544199,GEM Enviro Management Limited
544200,Akme Fintrade (India) Limited
544201,DINDIGUL FARM PRODUCT LIMITED
544202,STANLEY LIFESTYLES LIMITED
544203,Allied Blenders and Distillers
544204,VRAJ IRON AND STEEL LIMITED
544205,National Peroxide Limited
544206,SBI Mutual Fund
544207,Reliable Data Services Limited
544209,Bansal Wire Industries Limited
544210,Emcure Pharmaceuticals Limited
544212,Mirae Asset Mutual Fund
544213,AELEA COMMODITIES LIMITED
544215,SBI Mutual Fund
544216,ICICI Prudential Mutual Fund
544217,SANSTAR LIMITED
544218,Aditya Birla Sun Life Mutual F
544219,VVIP Infratech Limited
544221,Kizi Apparels Limited
544222,Akums Drugs and Pharmaceutical
544223,Ceigall India Limited
544224,Afcom Holdings Limited
544225,Ola Electric Mobility Limited
544226,Brainbees Solutions Limited
544227,UNICOMMERCE ESOLUTIONS LIMITED
544229,ICICI Prudential Mutual Fund
544230,SARASWATI SAREE DEPOT LIMITED
544232,Interarch Building Solutions L
544233,Mahalaxmi Fabric Mills Limited
544234,Globale Tessile Limited
544235,Orient Technologies Limited
544237,RAPID MULTIMODAL LOGISTICS LIM
544238,Premier Energies Limited
544239,ECOS (India) Mobility & Hospit
544240,Raymond Lifestyle Limited
544241,Mirae Asset Mutual Fund
544242,Travels & rentals Limited
544243,Baazar Style Retail Limited
544244,Gala Precision Engineering Lim
544246,Revathi Equipment India Limite
544247,DSP Nifty Top 10 Equal Weight
544248,MACH TRAVEL SOLUTIONS LIMITED
544249,SHREE TIRUPATI BALAJEE AGRO TR
544250,Sanofi Consumer Healthcare Ind
544251,Share Samadhan Limited
544252,Bajaj Housing Finance Limited
544253,Kross Limited
544254,Tolins Tyres Limited
544256,P N GADGIL JEWELLERS LIMITED
544257,Sodhani Academy of Fintech Ena
544258,Western Carriers (India) Limit
544259,POPULAR FOUNDATIONS LIMITED
544260,Northern Arc Capital Ltd.
544261,ARKADE DEVELOPERS LIMITED
544262,Manba Finance Limited
544263,KRN HEAT EXCHANGER AND REFRIGE
544264,Diffusion Engineers Limited
544266,Mirae Asset Mutual Fund
544267,SUBAM PAPERS LIMITED
544268,Mirae Asset Mutual Fund
544271,Garuda Construction and Engine
544272,SHIV TEXCHEM LIMITED
544273,MANGALAM GLOBAL ENTERPRISE LIM
544274,HYUNDAI MOTOR INDIA LIMITED
544275,ICICI Prudential Mutual Fund
544276,Deepak Builders and Engineers
544277,Waaree Energies Limited
544278,OCCL Limited
544279,Godavari Biorefineries Limited
544280,Afcons Infrastructure Limited
544281,A B INFRABUILD LIMITED
544282,Sagility Limited
544283,ACME Solar Holdings Limited
544284,Mirae Asset Mutual Fund
544285,SWIGGY LIMITED
544286,NIVA BUPA HEALTH INSURANCE COM
544288,BlackBuck Limited
544289,NTPC GREEN ENERGY LIMITED
544290,ENVIRO INFRA ENGINEERS LIMITED
544291,RAJESH POWER SERVICES LIMITED
544292,Onesource Specialty Pharma Lim
544293,SURAKSHA DIAGNOSTIC LIMITED
544294,Rossell Techsys Limited
544296,NISUS FINANCE SERVICES CO LIMI
544301,Odigma Consultancy Solutions L
544302,Innovana Thinklabs Limited
544303,TOSS THE COIN LIMITED
544304,JUNGLE CAMPS INDIA LIMITED
544305,One Mobikwik Systems Limited
544306,Sai Life Sciences Limited
544307,Vishal Mega Mart Limited
544308,Hilltone Software and Gases Lt
544309,INVENTURUS KNOWLEDGE SOLUTIONS
544310,Yash Highvoltage Limited
544311,International Gemological Inst
544312,HAMPS BIO LIMITED
544314,Sanathan Textiles Limited
544315,Concord Enviro Systems Limited
544316,DAM Capital Advisors Limited
544317,Transrail Lighting Limited
544318,MAMATA MACHINERY LIMITED
544319,SENORES PHARMACEUTICALS LIMITE
544320,CARRARO INDIA LIMITED
544321,Ventive Hospitality Limited
544322,Unimech Aerospace and Manufact
544323,Mirae Asset Mutual Fund
544325,ITC Hotels Limited
544326,Edelweiss Mutual Fund
544328,INDO FARM EQUIPMENT LIMITED
544329,LEO DRYFRUITS & SPICES TRADING
544330,PARMESHWAR METAL LIMITED
544331,Davin Sons Retail Limited
544332,Fabtech Cleanrooms Limited
544333,STANDARD ENGINEERING TECHNOLOG
544334,Indobell Insulations Limited
544335,B.R.GOYAL INFRASTRUCTURE LIMIT
544336,Quadrant Future Tek Limited
544337,Avax Apparels and Ornaments Li
544338,Capital Infra Trust
544339,Laxmi Dental Limited
544340,Rikhav Securities Limited
544341,LANDMARK GLOBAL LEARNING LIMIT
544342,Stallion India Fluorochemicals
544343,CAPITALNUMBERS INFOTECH  LIMIT
544344,SPR Auto Technologies Limited
544345,Denta Water and Infra Solution
544346,RDB Real Estate Constructions
544347,CLN ENERGY LIMITED
544348,GB Logistics Commerce Limited
544349,H.M. ELECTRO MECH LIMITED
544350,Dr. Agarwal's Health Care Limi
544351,MALPANI PIPES AND FITTINGS LIM
544353,Amwill Health Care Limited
544354,SOLARIUM GREEN ENERGY LIMITED
544355,Jubilant Agri and Consumer Pro
544356,AJAX Engineering Limited
544361,COVANCE SOFTSOL LIMITED
544362,Hexaware Technologies Limited
544363,UNION MUTUAL FUND
544364,Indef Manufacturing Limited
544365,SHANMUGA HOSPITAL LIMITED
544367,QUALITY POWER ELECTRICAL EQUIP
544368,Swasth Foodtech India Limited
544369,Beezaasan Explotech Limited
544371,VIKRAM AROMA LIMITED
544373,NAPS Global India Limited
544375,360 ONE Mutual Fund
544376,Mirae Asset Mutual Fund
544377,Mirae Asset Mutual Fund
544379,Prabha Energy Limited
544381,Super Iron Foundry Limited
544382,Axis Mutual Fund
544383,PARADEEP PARIVAHAN LIMITED
544384,Zerodha Mutual Fund
544385,SBI Mutual Fund
544386,Spectrum Electrical Industries
544387,Desco Infratech Limited
544389,360 ONE Mutual Fund
544390,Siemens Energy India Limited
544391,Retaggio Industries Limited
544392,SPINAROO COMMERCIAL LIMITED
544393,INFONATIVE SOLUTIONS LIMITED
544394,ICICI Prudential Mutual Fund
544395,STL Networks Limited
544396,Network People Services Techno
544397,Ather Energy Limited
544399,SRIGEE DLM LIMITED
544401,Mirae Asset Mutual Fund
544402,JASH ENGINEERING LIMITED
544403,Aditya Birla Lifestyle Brands
544404,BORANA WEAVES LIMITED
544405,BELRISE INDUSTRIES LIMITED
544406,UNIFIED DATA TECH SOLUTIONS LI
544407,AEGIS VOPAK TERMINALS LIMITED
544408,Leela Palaces Hotels & Resorts
544410,PROSTARM INFO SYSTEMS LIMITED
544411,Scoda Tubes Limited
544413,Digitide Solutions Limited
544414,Bluspring Enterprises Limited
544415,Nippon India Mutual Fund
544416,KRISHIVAL FOODS LIMITED
544417,Aten Papers & Foam Limited
544418,Oswal Pumps Limited
544419,ArisInfra Solutions Limited
544420,Raymond Realty Limited
544421,ELLENBARRIE INDUSTRIAL GASES L
544423,Kalpataru Limited
544424,GLOBE CIVIL PROJECTS LIMITED
544425,AJC Jewel Manufacturers Limite
544426,Icon Facilitators Limited
544427,ICICI Prudential Mutual Fund
544428,SUPERTECH EV LIMITED
544429,HDB FINANCIAL SERVICES LIMITED
544430,SAMBHV STEEL TUBES LIMITED
544431,Ace Alpha Tech Limited
544432,Indogulf Cropsciences Limited
544433,Valencia India Limited
544434,Neetu Yoshi Limited
544435,ADCOUNTY MEDIA INDIA LIMITED
544436,VANDAN FOODS LIMITED
544437,MARC LOIRE FASHIONS LIMITED
544438,Mirae Asset Mutual Fund
544439,CRIZAC LIMITED
544440,CRYOGENIC OGS LIMITED
544441,META INFOTECH LIMITED
544442,Chemkart India Limited
544443,TRAVEL FOOD SERVICES LIMITED
544444,Glen Industries Limited
544445,ASSTON PHARMACEUTICALS LIMITED
544446,Advent Hotels International Li
544447,SMARTWORKS COWORKING SPACES LI
544448,Pashupati Cotspin Limited
544449,Anthem Biosciences Limited
544450,CHEMBOND CHEMICALS  LIMITED
544451,MONIKA ALCOBEV LIMITED
544453,Monarch Surveyors and Engineer
544454,INDIQUBE SPACES LIMITED
544455,GNG Electronics Limited
544456,R M DRIP AND SPRINKLERS SYSTEM
544457,Brigade Hotel Ventures Limited
544458,SHREE REFRIGERATIONS LIMITED
544459,SHANTI GOLD INTERNATIONAL LIMI
544460,PATEL CHEM SPECIALITIES LIMITE
544461,Euro Panel Products Limited
544463,REPONO LIMITED
544464,Umiya Mobile Limited
544465,LAXMI INDIA FINANCE LIMITED
544466,Aditya Infotech Limited
544467,National Securities Depository
544468,B. D. Industries (Pune) Limite
544469,Sri Lotus Developers and Realt
544470,M & B ENGINEERING LIMITED
544471,TAKYON NETWORKS LIMITED
544472,MEHUL COLOURS LIMITED
544473,Groww Mutual Fund
544474,BLT Logistics Limited
544475,ESSEX MARINE LIMITED
544476,Jeena Sikho Lifecare Limited
544477,Highway Infrastructure Limited
544479,ALL TIME PLASTICS LIMITED
544480,JSW CEMENT LIMITED
544481,KNOWLEDGE REALTY TRUST
544482,STAR IMAGING AND PATH LAB LIMI
544483,ICODEX PUBLISHING SOLUTIONS LI
544484,BlueStone Jewellery and Lifest
544485,REGAAL RESOURCES LIMITED
544486,Zerodha Mutual Fund
544487,PATEL RETAIL LIMITED
544488,Vikram Solar Limited
544489,LGT GLOBAL HOSPITALITY LIMITED
544490,Shreeji Shipping Global Limite
544491,Gem Aromatics Limited
544492,MANGAL ELECTRICAL INDUSTRIES L
544493,Nippon India Mutual Fund
544494,Globtier Infotech limited
544495,NIS MANAGEMENT LIMITED
544496,Vikran Engineering Limited
544497,ANLON HEALTHCARE LIMITED
544499,Career Point Edutech Limited
544501,SUGS LLOYD LIMITED
544502,Amanta Healthcare Limited
544503,Rachit Prints Limited
544504,GOEL CONSTRUCTION COMPANY LIMI
544505,AUSTERE SYSTEMS LIMITED
544506,SHARVAYA METALS LIMITED
544507,Zerodha Mutual Fund
544508,VASHISHTHA LUXURY FASHION LIMI
544509,Krupalu Metals Limited
544510,NILACHAL CARBO METALICKS LIMIT
544511,Karbonsteel Engineering Limite
544512,SHRINGAR HOUSE OF MANGALSUTRA
544513,Dev Accelerator Limited
544515,Urban Company Limited
544516,AIRFLOA RAIL TECHNOLOGY LIMITE
544517,Shankara Buildpro Limited
544518,L. T. ELEVATOR LIMITED
544519,EURO PRATIK SALES LIMITED
544521,VMS TMT LIMITED
544522,A B Cotspin India Limited
544523,IVALUE INFOSOLUTIONS LIMITED
544524,JD CABLES LIMITED
544525,GK ENERGY LIMITED
544526,Saatvik Green Energy Limited
544527,Atlanta Electricals Limited
544528,Ganesh Consumer Products Limit
544529,Aptus Pharma Limited
544530,ANAND RATHI SHARE AND STOCK BR
544531,TRUE COLORS LIMITED
544532,Solarworld Energy Solutions Li
544533,Seshaasai Technologies Limited
544534,Jaro Institute of Technology M
544535,BHARATROHAN AIRBORNE INNOVATIO
544536,Wealth First Portfolio Manager
544537,Jain Resource Recycling Limite
544539,Solvex Edibles Limited
544540,Epack Prefab Technologies Limi
544541,SYSTEMATIC INDUSTRIES LIMITED
544542,Justo Realfintech Limited
544543,BMW VENTURES LIMITED
544544,TELGE PROJECTS LIMITED
544545,TRUALT BIOENERGY LIMITED
544547,Jinkushal Industries Limited
544550,Pace Digitek Limited
544552,RUKMANI DEVI GARG AGRO IMPEX L
544553,M P K STEELS (I) LIMITED
544554,KVS Castings Limited
544555,AMEENJI RUBBER LIMITED
544557,Glottis Limited
544558,Fabtech Technologies Limited
544560,SODHANI CAPITAL LIMITED
544561,Chiraharit Limited
544562,Advance Agrolife Limited
544563,Zelio E Mobility Limited
544564,Om Freight Forwarders Limited
544565,Valplast Technologies Limited
544566,Sunsky Logistics Limited
544567,Infinity Infoway Limited
544568,DSM Fresh Foods Limited
544569,Tata Motors Limited
544570,WeWork India Management Limite
544572,SKF INDIA (INDUSTRIAL) LIMITED
544574,Tata Capital Limited
544576,LG Electronics India Limited
544577,Worth Peripherals Limited
544578,RUBICON RESEARCH LIMITED
544579,Anantam Highways Trust
544580,Canara Robeco Asset Management
544581,DSP Nifty500 Flexicap Quality
544582,SHLOKKA DYES LIMITED
544583,Canara HSBC Life Insurance Com
544584,SK Minerals & Additives Limite
544585,SIHORA INDUSTRIES LIMITED
544586,Zerodha Mutual Fund
544587,Midwest Limited
544594,GAME CHANGERS TEXFAB LIMITED
544595,Orkla India Limited
544596,Safecure Services Limited
544597,Piramal Finance Limited
544598,Accuracy Shipping Limited
544599,Studds Accessories Limited
544600,Lenskart Solutions Limited
544601,Choice Mutual Fund
544602,Allcargo Global Limited
544603,Billionbrains Garage Ventures
544604,Mirae Asset Mutual Fund
544605,Mirae Asset Mutual Fund
544606,Pine Labs Limited
544607,SHINING TOOLS LIMITED
544608,Emmvee Photovoltaic Power Limi
544609,Physicswallah Limited
544610,WORKMATES CORE2CLOUD SOLUTION
544611,MAHAMAYA LIFESCIENCES LIMITED
544612,Tenneco Clean Air India Limite
544613,Fujiyama Power Systems Limited
544614,Capillary Technologies India L
544615,KSR Footwear Limited
544616,Gallard Steel Limited
544617,Excelsoft Technologies Limited
544618,Edelweiss Mutual Fund
544619,Sudeep Pharma Limited
544622,Kwality Walls (India) Limited
544624,K K SILK MILLS LIMITED
544625,Logiciel Solutions Limited
544626,EXATO TECHNOLOGIES LIMITED
544627,PURPLE WAVE INFOCOM LIMITED
544628,Astron Multigrain Limited
544631,CREATIVE NEWTECH LIMITED
544632,Meesho Limited
544633,VIDYA WIRES LIMITED
544634,Aequs Limited
544635,Luxury Time Limited
544636,Western Overseas Study Abroad
544637,Methodhub Software Limited
544638,Bandhan Mutual Fund
544639,Bandhan Mutual Fund
544640,Riddhi Display Equipments Limi
544641,K. V. TOYS INDIA LIMITED
544642,Wakefit Innovations Limited
544644,Corona Remedies Limited
544645,PARK MEDI WORLD LIMITED
544646,Shipwaves Online Limited
544647,Nephrocare Health Services Lim
544654,DSP Nifty Smallcap 250 ETF
544655,DSP Nifty Midcap 150 ETF
544656,HRS ALUGLAZE LIMITED
544657,Pajson Agro India Limited
544658,ICICI Prudential Asset Managem
544660,Mirae Asset Mutual Fund
544661,Mirae Asset Mutual Fund
544662,SIMANDHAR IMPEX LIMITED
544663,NEPTUNE LOGITEK LIMITED
544664,KSH INTERNATIONAL LIMITED
544665,Global Ocean Logistics India L
544666,GUJARAT KIDNEY AND SUPER SPECI
544667,Dachepalli Publishers Limited
544668,NANTA TECH LIMITED
544669,ADMACH SYSTEMS LIMITED
544670,BAI-KAKAJI POLYMERS LIMITED
544671,APOLLO TECHNO INDUSTRIES LIMIT
544673,MODERN DIAGNOSTIC & RESEARCH C
544675,Gabion Technologies India Limi
544676,YAJUR FIBRES LIMITED
544678,BHARAT COKING COAL LIMITED
544679,Amagi Media Labs Limited
544681,INDO SMC Limited
544683,Aritas Vinyl Limited
544684,DIGILOGIC SYSTEMS LIMITED
544685,SHADOWFAX TECHNOLOGIES LIMITED
544687,Hannah Joseph Hospital Limited
544688,KASTURI METAL COMPOSITE LIMITE
544694,Accretion Nutraveda Limited
544695,Msafe Equipments Limited
544698,PAN HR SOLUTION LIMITED
544699,Aye Finance Limited
544700,Fractal Analytics Limited
544701,Mirae Asset Mutual Fund
544702,DCM SHRIRAM INTERNATIONAL LIMI
544703,DCM SHRIRAM FINE CHEMICALS LIM
544704,Mirae Asset Mutual Fund
544705,Mirae Asset Mutual Fund
544708,Yashhtej Industries (India) Li
544709,Gaudium IVF and Women Health L
544710,ACCORD TRANSFORMER & SWITCHGEA
544711,KIAASA RETAIL LIMITED
544716,SHREE RAM TWISTEX LIMITED
544717,Clean Max Enviro Energy Soluti
544718,PNGS Reva Diamond Jewellery Li
544719,Aditya Birla Sun Life Mutual F
544720,Omnitech Engineering Limited
544721,Groww Mutual Fund
544722,SBI Mutual Fund
544723,SEDEMAC MECHATRONICS LIMITED
544724,Elfin Agro India Limited
544725,DSP BSE Top 10 Banks ETF
544726,Kotyark Industries Limited
544731,RAJPUTANA STAINLESS LIMITED
544732,Innovision Limited
544733,GSP CROP SCIENCE LIMITED
544734,Raajmarg Infra Investment Trus
544735,Novus Loyalty Limited
544737,Mirae Asset Mutual Fund
544738,SPECIALITY MEDICINES LIMITED
544739,Central Mine Planning & Design
544740,Tipco Engineering India Limite
544741,Highness Microelectronics Limi
544742,Sai Parenteral's Limited
544743,Amir Chand Jagdish Kumar (Expo
544744,Powerica Ltd.
544745,SBI Mutual Fund
544746,SAFETY CONTROLS & DEVICES LIMI
544747,EMIAC TECHNOLOGIES LIMITED
544748,ONE POINT ONE SOLUTIONS LIMITE
544750,OM POWER TRANSMISSION LIMITED
544751,MEHUL TELECOM LIMITED
544752,PropShare Celestia
544753,Citius TransNet Investment Tru
544754,OnEMI Technology Solutions Lim
544755,RECODE STUDIOS LIMITED
544756,United Polyfab Gujarat Limited
544757,BOMBAY SUPER HYBRID SEEDS LIMI
544758,Bagmane Prime Office REIT
544760,DSP Nifty FMCG ETF
544761,Edelweiss Mutual Fund
544762,SBI Mutual Fund
544763,SBI Mutual Fund
544764,Mangalam Worldwide Limited
544765,Vegorama Punjabi Angithi Limit
544766,360 ONE Mutual Fund
544767,Autofurnish Limited
544768,M.R.MANIVENI FOODS LIMITED
544769,HARIKANTA OVERSEAS LIMITED
544770,YAASHVI JEWELLERS LIMITED
544771,Rajnandini Fashion India Limit
544772,AUREATE TRADDE LIMITED
544773,Merritronix Limited
544774,SMR Jewels Limited
544777,CMR Green Technologies Limited
544779,UHM Vacation Limited
544780,Vedanta Aluminium Metal Limite
544781,Vedanta Power Limited
544782,Vedanta Oil and Gas Limited
544783,E2E Networks Limited
544784,Vedanta Iron and Steel Limited
544785,Hexagon Nutrition Limited
544786,Schneider Electric President S
544793,Susan Electricals India Limite
544794,HORIZON RECLAIM (INDIA) LIMITE
544795,ICICI Prudential Mutual Fund
544796,LIOTECH INDUSTRIES LIMITED
544797,LEAPFROG ENGINEERING SERVICES
544799,Turtlemint Fintech Solutions L
544800,ANUBHAV PLAST LIMITED
544802,Waterways Leisure Tourism Limi
544803,Advit Jewels Limited
544804,Riyaasat Lifestyle Limited
544805,Jivial Industries Limited
544806,CSM TECHNOLOGIES LIMITED
544807,CRAZY SNACKS LIMITED
544808,AASTHA SPINTEX LIMITED
544809,ADON AGRO COMMODITIES LIMITED
544810,Sampark India Logistics Limite
544811,KRATIKAL TECH LIMITED
544812,Atharva Poly-Plast Limited
544813,Seemax Resources Limited
544814,KNACK PACKAGING LIMITED
544821,Kusumgar Limited
544822,Laser Power & Infra Limited
544823,DEVSON CATALYST LIMITED
544825,ALPINE TEXWORLD LIMITED
544826,MILLWORKS TECHNOLOGIES LIMITED
544827,Bajaj Finserv Mutual Fund
544829,SBI Funds Management Limited
544830,Mirae Asset Mutual Fund
544831,MEENAKSHI INDIA LIMITED
544832,Sotefin Bharat Limited
544833,CALIBER MINING AND LOGISTICS L
544834,GULF LLOYDS (INDIA) LIMITED
544835,Shree Balaji (Mala) Textiles L
544837,INDO-MIM Limited
544838,XTRANET TECHNOLOGIES LIMITED
544839,Lohia Corp Limited
544840,SILVERSTORM PARKS AND RESORTS
544842,HDFC Mutual Fund
544843,ADVANCE TECHNOFORGE LIMITED
544844,POOJAA PRECISION ENGG. LIMITED
544845,ICICI Prudential Mutual Fund
544847,Manipal Health Enterprises Lim
544848,H. R. HYGIENE PRODUCTS LIMITED
544849,Edelweiss Mutual Fund
544850,Aarvi Encon Limited
544851,MV ELECTROSYSTEMS LIMITED
544852,Oneindig Technologies Limited
544853,Juniper Green Energy Limited
544854,Dhaval Packaging Limited
544855,Prima Innovation Limited
544856,FUSION KLASSROOM EDUTECH LIMIT
544857,DSP Mutual Fund
544858,AEGEUS TECHNOLOGIES LIMITED
544859,G V ELECTRICALS LTD
544860,Ardee Industries Limited
544861,Swaraj Suiting Limited
544862,Solex Energy Limited
544863,LAPL AUTOMOTIVE LIMITED
544864,Technocraft Ventures Limited
544865,LEAP India Limited
555555,ICICI Prudential BSE Sensex ET
570002,Future Enterprises Limited
570004,JAIN IRRIGATION SYSTEMS LTD.
570005,GACM Technologies Limited - DV
590003,KARUR VYSYA BANK LTD.
590005,VEEDOL CORPORATION LIMITED
590006,AMRUTANJAN HEALTH CARE LTD.
590013,XPRO INDIA LTD.
590018,HISAR METAL INDUSTRIES LTD.
590021,BHARAT RASAYAN LTD.
590022,EASTERN SILK INDUSTRIES LTD.
590024,FERTILIZERS & CHEMICALS TRAVAN
590025,GINNI FILAMENTS LTD.
590030,SOUTHERN PETROCHEMICALS LTD.
590031,DE NORA INDIA LTD.
590041,Kavveri Defence &amp; Wireless
590051,SAKSOFT LTD.
590056,SALONA COTSPIN LTD.
590057,EQUIPPP SOCIAL IMPACT TECHNOLO
590062,ANDHRA SUGARS LTD.
590065,INDIA MOTOR PARTS & ACCESSORIE
590066,K.C.P.LTD.
590068,KHAITAN (INDIA) LTD.
590070,RADAAN MEDIAWORKS (I) LTD.
590071,SUNDARAM FINANCE LTD.
590072,SUNDARAM BRAKE LININGS LTD.
590073,WHEELS INDIA LTD.
590075,LAMBODHARA TEXTILES LTD.
590078,MAITHAN ALLOYS LTD.
590086,ORISSA MINERALS DEVELOPMENT CO
590095,NIPPON INDIA ETF GOLD BEES
590096,NIPPON INDIA ETF LIQUID BEES
590097,KOTAK MAHINDRA MUTUAL FUND - K
590098,SBI MUTUAL FUND - SBI GOLD EXC
590099,Quantum Gold ETF
590101,UTI MUTUAL FUND - UTI GOLD EXC
590103,NIPPON INDIA ETF NIFTY BEES
590104,NIPPON INDIA ETF JUNIOR BEES
590106,NIPPON INDIA ETF BANK BEES
590107,KOTAK MAHINDRA MUTUAL FUND - K
590108,NIPPON INDIA ETF PSU BANK BEES
590109,NIPPON INDIA ETF SHARIAH BEES
590110,Quantum Nifty 50 ETF
590113,NIPPON INDIA ETF HANG SENG BEE
590115,MOTILAL OSWAL MUTUAL FUND
590134,Madras Fertilizer Limited
590136,Kotak Mahindra Mutual Fund - P
590137,SBI Mutual Fund-Permitted
590138,SBI Mutual Fund-Permitted
590139,Kotak Mahindra Mutual Fund - P
590140,Tata Mutual Fund - Permitted
590141,Nippon India Mutual Fund - Per
590142,Nippon India Mutual Fund - Per
590143,Nippon India Mutual Fund - Per
590144,Nippon India Mutual Fund - Per
590145,Nippon India Mutual Fund - Per
590146,Motilal Oswal Mutual Fund-Perm
590147,Motilal Oswal Mutual Fund-Perm
590148,Motilal Oswal Mutual Fund-Perm
590149,Motilal Oswal Mutual Fund-Perm
590150,Motilal Oswal Mutual Fund-Perm
590151,Motilal Oswal Mutual Fund-Perm
590152,Motilal Oswal Mutual Fund-Perm
590153,Motilal Oswal Mutual Fund-Perm
590154,Kotak Mahindra Mutual Fund - P
590155,GROWW MUTUAL FUND  PERMITTED
590156,GROWW MUTUAL FUND  PERMITTED
590157,GROWW MUTUAL FUND  PERMITTED
590158,GROWW MUTUAL FUND  PERMITTED
590159,GROWW MUTUAL FUND  PERMITTED
590160,Tata Mutual Fund - Permitted
590161,Tata Mutual Fund - Permitted
717506,TVS Motor Company Ltd.
751127,Minolta Finance Ltd.
751128,S.I.Capital And Financial Serv
751129,SHANTI GOLD INTERNATIONAL LIMI
751130,Genesys International Corporat
800212,1018GOI2026
800297,SOVEREIGN GOLD BOND 2019-20 SE
800315,Sovereign Gold Bonds 2019-20 S
800318,Sovereign Gold Bonds 2020-21 S
800320,Sovereign Gold Bonds 2020-21 S
800322,Sovereign Gold Bonds 2020-21 S
800324,Sovereign Gold Bond 2020-21 IV
800325,Sovereign Gold Bonds 2020-21 V
800327,Sovereign Gold Bonds 2020-21 S
800329,Sovereign Gold Bonds 2020-21 S
800331,SGB 2020-21 Series IX
800333,SGB 2020-21 SERIES XI
800339,SGB 2020-21 Series XII
800341,SGB 2021-22 Series II
800342,Sovereign Gold Bonds 2021-22
800367,Sovereign Gold Bond Series IV
800385,Sovereign Gold Bonds 2021-22 S
800386,Sovereign Gold Bonds 2021-22 S
800434,Sovereign Gold Bonds 2021-22 S
800435,699GOI2051
800437,Sovereign Gold Bonds 2021-22 S
800438,Soveriegn Gold Bonds 2021-22 S
800439,Sovereign Gold Bonds 2021-22 S
800441,754GOI2036
800442,738GOI2027
800443,Sovereign Gold Bonds 2022-23 S
800488,Sovereign Gold Bonds 2022-23 S
800573,Soverign Gold Bond 2022-23 Sr
800574,741GOI36
800575,Sovereign Gold Bond 2022-23 Sr
800576,726GOI2033
800580,Sovereign Gold Bonds 2023-24 S
800588,725GOI2063
800596,Sovereign Gold Bonds 2023-24 S
800597,746GOI2073
800603,Sovereign Gold Bonds 2023-24 S
800604,733GS26J24
800605,Sovereign Gold Bonds 2023-24 S
800607,734GOI2064
800807,709GOI74
800808,690GOI65
800809,724GOI55
800816,771GOI2066
811066,712MHSDL47
811129,781APSDL56
890217,Aplab Ltd.
890221,Spandana Sphoorty Financial Li
890226,Suraj Industries Limited.
890230,Ace Software Exports ltd.
890231,ANIRIT VENTURES LIMITED
890234,Vertex Securities Ltd.
890238,G.S. Auto International Ltd.
935510,PFC-7.52%-2B-17-10-30-BOND
935514,PFC-7.60%-3B-17-10-35-BOND
935544,REC-7.34%-5-11-30-S-2B-NCD
935548,REC-7.43%-5-11-35-S-3B-NCD
935584,NHAI-7.6%-11-1-31-TAXFREENCD
935618,IREDA-7.74%-21-1-31-TAXFREENCD
935642,HUDCO-7.64%-8-2-31-TAXFREENCD
935666,NHAI-7.69%-9-3-31-TAXFREENCD
935682,IRFC-7.64%-22-3-31-NCDS
935856,SCL-8.65%-26-9-26-NCDS
936044,MMFSL-8.00%-24-07-27-NCD
936048,MMFSL-8.05%-24-07-32-NCD
936236,SFL-9.40%-12-7-28-NCD
936254,EFL-9.85%-6-8-28-NCD
936282,SFIL-9.20%-25-9-28-NCD
936294,TCAP-9.10%-27-9-28-NCD
936412,MMFSL-9.3%-18-1-27-NCD
936656,MHIL-ZC-13-11-26-NCD
936724,EFL-10.4%-23-5-29-NCD
936744,MFL-ZC-14-12-26-NCD
936810,TCAP-8.65%-26-8-27-NCD
936814,TCAP-8.85%-26-8-29-NCD
936854,JMFPL-ZC-11-9-26-NCD
936975,ECL-9.95%-28-11-29-NCD
936977,ECL-10.4%-28-11-29-NCD
937017,LTF-8.65%-23-12-26-NCD
937053,TCHF-8.1%-14-1-28-NCD
937057,TCHF-8.4%-14-1-28-NCD
937345,EFSL-9.53%-8-1-31-NCD
937369,PFCL-6.82%-22-1-31-NCD
937373,PFCL-7%-22-1-31-NCD
937377,PFCL-6.83%-22-1-31-NCD
937381,PFCL-6.97%-22-1-36-NCD
937385,PFCL-7.15%-22-1-36-NCD
937409,MFL-9%-29-1-27-NCD
937453,IFL-10%-24-6-28-NCD
937455,IFL-9.6%-24-6-28-NCD
937503,EFSL-9.70%-29-4-31-NCD
937541,IGT-7.97%-6-5-31-INVIT-NCD
937581,PFL-9%-23-07-31-NCD
937621,IHFL-9.60%-3-11-28-NCD
937631,EFSL-9.15%-10-9-26-NCD
937633,EFSL-9.55%-10-9-26-NCD
937637,EFSL-9.30%-10-9-31-NCD
937639,EFSL-9.70%-10-9-31-NCD
937707,JMFPL-8.20%-7-10-26-NCD
937723,IIFL-8.75%-14-10-26-NCD
937743,IML-12%-24-11-26-NCD
937799,EFSL-9.15%-28-12-26-NCD
937801,EFSL-9.55%-28-12-26-NCD
937803,EFSL-28-12-26-NCD
937825,IHFL-8.20%-3-1-27-NCD
937889,MFL-9%-2-2-30-NCD
937971,SCL-8.89%-28-4-27-NCD
937985,SFL-10%-29-04-27-NCD
937999,NIDO-9.15%-29-4-27-NCD
938011,MFL-II-5-5-27-NCD
938107,NWIL-9.55%-15-7-27-NCD
938196,KLMAFL-10.50%-16-10-27-NCD
938218,EFSL-9.65%-20-10-32-NCD
938222,NHIT-25-10-35-INVIT
938226,NHIT-7.9%-25-10-47-INVIT
938256,MFL-3-11-27-NCD
938258,SCL-9.15%-03-11-27-NCD
938284,MFL-7.50%-23-12-27-NCD
938290,MFL-7.75%-23-12-27-NCD
938320,SCL-9.39%-28-12-27-NCD
938330,CCIL-11.50%-11-1-28-NCD
938348,KFL-9.5%-15-1-27-NCD
938364,EFSL-9.67%-20-1-28-NCD
938366,EFSL-10.10%-20-1-28-NCD
938370,EFSL-10%-20-1-33-NCD
938372,EFSL-10.45%-20-1-33-NCD
938490,SCL-9.71%-23-3-28-NCD
938636,IFL-ZC-28-6-28-NCD
938658,EFSL-9.67%-21-7-28-NCD
938664,EFSL-10%-21-7-33-NCD
938706,PFC-7.55%-1-8-38-NCD
938742,CAGL-9.70%-7-9-28-NCD
938770,NHFL-9.20%-15-9-26-NCD
938774,NHFL-15-9-26-NCD
938874,MFLTD-8%-4-10-26-NCD
938898,EFSL-9.20%-26-10-26-NCD
938900,EFSL-9.60%-26-10-26-NCD
938902,EFSL-ZC-26-10-26-NCD
938906,EFSL-10.10%-26-10-28-NCD
938930,MFL-1-11-28-NCD
938932,MFL-1-11-31-NCD
938978,SCL-9.48%-9-11-26-NCD
938994,SCL-10.03%-9-11-30-NCD
939050,ISFL-9.57%-21-12-26-NCD
939056,ISFL-10.50%-21-12-28-NCD
939152,AFL-10%-27-12-28-NCD
939164,KFL-10%-17-1-28-NCD
939166,KFL-ZC-17-7-28-NCD
939190,EFSL-9.20%-29-1-27-NCD
939202,EFSL-10%-29-1-34-NCD
939212,MFL-8.50%-25-1-27-NCD
939214,MFL-8.50%-25-1-29-NCD
939242,MFL-9.75%-31-1-29-NCD
939276,SFL-10.25%-27-2-29-NCD
939303,NHFL-10.03%-1-3-29-NCD
939335,NFL-10.65%-13-3-27-NCD
939355,SCL-9.48%-26-3-27-NCD
939389,IFL-12.50%-18-4-29-NCD
939431,KFL-ZC-25-10-28-NCD
939477,MOFSL-8.97%-9-5-29-NCD
939607,SFL-10.25%-9-7-29-NCD
939623,EFSL-10.04%-26-7-29-NCD
939627,EFSL-26-7-29-NCD
939655,SMCGSL-9.94%-07-08-29-NCD
939657,SMCGSL-10.40%-07-08-29-NCD
939715,MML-11.50%-11-9-29-NCD
939725,AEL-9.32%-12-9-27-NCD
939731,AEL-9.56%-12-9-29-NCD
939737,MFCL-9%-16-9-26-NCD
939743,MFCL-9.65%-16-9-30-NCD
939747,MFCL-9.65%-16-9-27-NCD
939751,MFCL-10.10%-16-9-30-NCD
939803,ICFL-10.50%-25-9-26-NCD
939813,NHFL-9.5%-8-10-26-NCD
939817,NHFL-9.58%-8-10-27-NCD
939823,NHFL-10.03%-8-10-29-NCD
939829,NHFL-10.49%-8-10-34-NCD
939837,UCL-10.40%-24-4-27-NCD
939849,EFSL-10.04%-24-10-29-NCD
939857,EFSL-10.49%-24-10-34-NCD
939923,ICLFL-12.20%-02-12-29-NCD
939959,KFL-9.25%-11-12-26-NCD
939985,IHFL-9.25%-26-12-29-NCD
940037,NHFL-9.58%-6-1-28-NCD
940069,MFLIII-10-1-27-NCD
940109,EFSL-10.50%-24-1-30-NCD
940115,EFSL-10.49%-24-1-35-NCD
940139,ICLFL-27-9-30-NCD
940169,MFLIV-9.40%-24-2-27-NCD
940317,SMCGSL-10%-24-04-27-NCD
940319,SMCGSL-24-04-27-NCD
940339,EFSL-10.04%-30-04-30-NCD
940355,MML-9.5%-12-5-27-NCD
940361,MML-10.50%-12-5-30-NCD
940371,ICLFL-12.50%-16-05-30-NCD
940387,MFL-9.25%-19-5-28-NCD
940401,MFL-19-5-27-NCD
940427,NHFL-9.57%-02-07-28-NCD
940431,NHFL-02-07-28-NCD
940445,MFCL-9.05%-16-7-28-NCD
940465,MFCL-16-7-31-NCD
940477,AEL-9%-17-07-30-NCD
940479,AEL-9.30%-17-07-30-NCD
940501,EFSL-9.35%-24-7-28-NCD
940509,EFSL-9.80%-24-7-30-NCD
940525,KAFL-27-11-26-NCD
940527,KAFL-9.85%-27-1-27-NCD
940541,KAFL-27-2-32-NCD
940605,ICLFL-11.50%-20-8-28-NCD
940609,IFL-20-9-26-NCD
940631,SFL-29-8-30-NCD
940645,NHFL-9%-10-09-27-NCD
940651,NHFL-9.75%-10-09-28-NCD
940661,NHFL-10.03%-10-09-35-NCD
940663,NHFL-10.50%-10-09-35-NCD
940675,EFSL-9.58%-7-10-30-NCD
940685,SMC-8%-13-10-29-MB
940689,CGCL-8.55%-13-4-27-NCD
940691,CGCL-8.9%-13-4-27-NCD
940693,CGCL-8.9%-13-10-28-NCD
940703,IML-31-10-26-NCD
940705,IML-9.75%-30-10-27-NCD
940713,IML-11.25%-30-10-30-NCD
940715,IML-30-10-31-NCD
940725,SGSL-9.8%-30-10-30-NCD
940743,KFL-09-11-32-NCD
940753,CCIL-11-11-26-NCD
940781,EFSL-12-12-27-NCD
940785,EFSL-9.40%-12-12-28-NCD
940801,KAFL-16-4-27-NCD
940837,PCL-12.5%-29-12-28-NCD
940841,PCL-13%-29-12-30-NCD
940843,AEL-8.60%-12-1-28-NCD
940849,AEL-8.75%-12-1-29-NCD
940855,AEL-8.90%-12-1-31-NCD
940861,MFL-8.52%-12-2-29-NCD
940886,KFL-9%-19-2-29-NCD
940898,ICLFL-10%-23-03-27-NCD
940906,ICLFL-ZC-23-03-27-NCD
940915,ICLFL-23-02-32-NCD
940933,IIFL-8.37%-6-3-28-NCD
940951,PCL-12.5%-16-3-29-NCD
940955,PCL-13%-16-3-31-NCD
940965,CCIL-22-04-27-NCD
940969,CCIL-18-03-32-NCD
940973,EFSL-18-3-28-NCD
940989,EFSL-10%-18-3-36-NCD
940991,MFL-8.37%-25-3-28-NCD
940993,MFL-8.52%-25-3-29-NCD
940997,MFL-8.75%-25-3-32-NCD
941005,MFL-9.10%-25-3-32-NCD
941015,ICLFL-10%-28-05-27-NCD
941021,ICLFL-11.50%-28-04-31-NCD
941023,ICLFL-ZC-28-05-27-NCD
941033,ICLFL-ZC-28-04-32-NCD
941035,CGCL-9%-30-4-28-NCD
941045,CGCL-9.50%-30-4-36-NCD
941047,MFL-8.51%-12-5-28-NCD
941049,MFL-8.65%-12-5-29-NCD
941055,MFL-8.85%-12-5-28-NCD
941061,MFL-9.25%-12-5-32-NCD
941071,KFL-27-05-28-NCD
941087,MML-10.50%-17-7-27-NCD
941095,MML-11%-12-6-29-NCD
941101,EFSL-8.65%-16-6-28-NCD
941111,EFSL-9.21%-16-6-31-NCD
941121,PCL-12.25%-22-6-29-NCD
941125,PCL-12.75%-22-6-31-NCD
941143,MFL-7-7-28-NCD
950497,PFC-8.72%-30-3-27-PVT
958025,JFC-ZC-27-6-28-PVT
961718,PFCBT1S4
961734,HUDCO050327
961756,734IRFC2028
961779,871REC28
961803,879PFC28
961804,892PFC33
961816,901HUDCO34
961822,891IIFCL34
961826,NHAI-8.75%-5-2-29-NCD
961839,IREDA-8.80%-13-03-29-BOND
961863,HUDCO-8.98%-24-3-29-TFBOND
961885,IRFC-8.88%-19-03-2029-BOND
961895,IIFCL-8.8%-27-3-29-TFBOND
972691,IFCI-III-D-10.75%-31-10-26-PVT
972706,IFCI-III-8.75%-12-12-26-C-PVT
972715,IFCI-9.16%-IV-15-2-27-C-PVT
972773,990IFCI37D
973491,PFL-6.75%-26-9-31-PVT
974088,HFL-10.50%-2-8-27-PVT
974452,APSBCL-9.62%-29-11-32-PVT
974634,EEL-ZC-26-2-27-PVT
974998,AFPL-12.40%-24-4-29-PVT
975057,ESAFSFBL-11.25%-4-5-29-PVT
975107,PDL-9.95%-26-9-26-PVT
975375,SML-13.85%-12-7-29-PVT
975572,EEL-26-11-27-PVT
975605,AFPL-12%-24-01-30-PVT
975630,AFL-10.50%-30-4-27-PVT
975797,LAXMI INDIA FINANCE LIMITED
976010,MML-9.75%-13-9-26-PVT
976020,CIPL-ZC-17-3-28-PVT
976023,IFSL-9.50%-18-9-26-PVT
976036,MFL-10.45%-24-12-32-PVT
976049,SFPL-12.50%-27-9-26-PVT
976089,KIIFB-9.49%-8-10-33-PVT
976113,LFL-13.25%-15-9-26-PVT
976146,MCSL-9.90%-29-10-26-PVT
976325,NFL-10.75%-31-12-27-PVT
976346,KFL-11.30%-23-1-27-PVT
976411,ACAPL-12%-14-8-28-PVT
976427,MHFCL-11.15%-20-8-30-PVT
976437,NFL-10.60%-21-5-27-PVT
976483,KFL-11.30%-6-3-27-PVT
976489,NFL-10.60%-10-9-26-PVT
976533,ESPL-10.9%-4-1-27-PVT
976577,OFSL-9.75%-27-3-27-PVT
976597,MCFL-12.90%-3-10-27-PVT
976675,KSL-10-.65%-06-11-26-PVT
976685,MFL-11.25%-9-2-27-PVT
976690,IML-11.25%-13-11-26-PVT
976727,MML-10.75%-27-5-27-PVT
976752,PDL-10%-3-6-27-PVT
976757,MBFL-11.30%-5-6-27-PVT
976776,KFL-11.20%-11-12-26-PVT
976808,NFL-10.75%-19-8-28-PVT
976855,NFL-10%-25-03-27-PVT
976868,ACAPL-12.5%-27-12-28-PVT
976896,KFL-10.62%-09-07-27-PVT
976905,ACAPL-9.85%-11-1-27-PVT
976930,KSL-10.40%-25-1-27-PVT
976941,IFSL-GOLD-MCX-19-1-29-PVT
976970,NBSPL-10.25%-30-01-27-PVT
976976,ESPL-10.70%-5-3-27-PVT
977001,KFLD-10.62%-7-2-28-PVT
977012,KIIFB-9.67%-8-8-35-PVT
977017,NFL-10.30%-30-09-27-PVT
977038,KFL-10%-30-11-27-PVT
977044,KFL-11.10%-19-8-27-PVT
977068,BRFL-10.95%-29-8-27-PVT
977075,NBFSPL-10.25%-02-03-27-PVT
977102,MGFL-11%-11-12-26-PVT
977117,UCL-11.65%-15-3-31-PVT
977134,VFL-8.85%-19-09-29-PVT
977160,PPL-11%-26-01-27-PVT
977186,SRFCPL-9.9%-1-11-27-PVT
977200,HLFL-9.25%-9-7-31-PVT
977205,ACAPL-12%-13-04-27-PVT
977226,LLDL-13.50%-30-01-29-PVT
977227,MBFL-10.25%-16-10-27-PVT
977228,UCL-9.75%-15-10-27-PVT
977241,KRFL-11.40%-24-10-27-PVT
977249,MML-9.30%-27-1-28-PVT
977250,MML-9.75%-27-10-28-PVT
977260,ACAPL-13%-29-10-28-PVT
977262,KSL-11.50%-29-03-27-PVT
977309,ACAPL-12%-21-05-27-PVT
977325,MML-10.75%-27-11-27-PVT
977331,KSL-10.50%-2-12-27-PVT
977380,MML-9.85%-16-12-27-PVT
977382,UCL-9.99%-16-06-29-PVT
977383,ACAPL-12.50%-17-01-27-PVT
977396,SRFCPL-10.50%-22-01-28-PVT
977411,MGFLD-11%-29-8-27-PVT
977431,ESPL-10.50%-9-3-28-PVT
977440,LLDL-13%-30-1-29-PVT
977471,KIIFB-9.30%-21-01-33-PVT
977473,KIIFB-9.30%-21-01-35-PVT
977477,NFL-10.75%-31-12-28-PVT
977488,SCNL-12%-23-07-31-PVT
977495,EFCL-ZC-30-4-29-PVT
977508,AFSL-11.35%-29-07-28-PVT
977516,DKGFSPL-11%-30-1-29-PVT
977517,STLNL-10.35%-30-6-28-PVT
977532,MSAFL-ZC-6-2-28-PVT
977534,ACAPL-12.50%-06-02-29-PVT
977535,SFL-10.75%-6-2-28-PVT
977541,KFL-12%-10-5-28-KFL
977564,MFL-10.4%-30-12-33-PVT
977576,UCIL-13%-24-5-27-PVT
977583,MML-9.65%-25-8-28-PVT
977585,MML-9.25%-25-2-28-PVT
977596,ESPL-10.50%-09-06-28-PVT
977598,SFL-10.75%-26-2-28-PVT
977622,NFL-11.25%-11-09-28-PVT
977633,TCL-12.50%-12-3-30-PVT
977642,SSFBL-12%-17-12-31-PVT
977645,UCL-9.5%-18-4-27-PVT
977649,MML-9.65%-18-09-28-PVT
977662,SFL-10.25%-20-3-28-PVT
977680,ESPL-10.5%-4-7-28-PVT
977700,BCSL-12.50%-30-3-29-PVT
977725,IML-10.50%-17-4-29-PVT
977730,NFL-10.30%-31-5-28-PVT
977732,KFL-12%-22-09-27-PVT
977740,UCIL-13%-23-4-28-PVT
977753,SSFL-11.25%-26-24-28-PVT
977773,ACAP-12.80%-7-5-28-PVT
977774,ACAP-12%-7-11-27-PVT
977801,MML-9.30%-20-11-28-PVT
977806,UCIL-13%-20-5-28-PVT
977807,CSLFL-11%-21-05-28-PVT
977815,UCL-9.75%-26-11-27-PVT
977868,NFL-10.30%-31-3-28-PVT
977869,NFL-10.75%-31-8-29-PVT
977874,MCIBP-NIFTY 150-14-6-29-PVT
977913,MCIBPL-ZC-28-06-28-PVT
977935,MFSP-14.40%-1-10-27-PVT
977984,MGFL-10%-21-10-27-PVT
977993,MFSL-9%-18-12-28-PVT
978006,MHFCL-10.25%-28-7-29-PVT
978021,NBSPL-10.25%-31-1-28-PVT
978034,MCIBPL-ZC-04-08-28-PVT
978035,ICLFL-12%-05-08-29-PVT
978039,MML-9.3%-7-8-29-PVT
