NSE Ticker,Name
20MICRONS,20 MICRONS LTD           
21STCENMGM,21ST CENTURY MGMT SERVICE
360ONE,360 ONE WAM LIMITED      
3BBLACKBIO,3B BLACKBIO DX LTD.      
3IINFOLTD,3I INFOTECH LIMITED      
3MINDIA,3M INDIA LIMITED         
3PLAND,3P LAND HOLDINGS LIMITED 
5PAISA,5PAISA CAPITAL LIMITED   
63MOONS,63 MOONS TECHNOLOGIES LTD
A2ZINFRA,A2Z INFRA ENGINEERING LTD
AAATECH,AAA TECHNOLOGIES LIMITED 
AADHARHFC,AADHAR HOUSING FINANCE L 
AAKAAR,AAKAAR MEDICAL TECHNO LTD
AAKASH,AAKASH EXPLORATION SER L 
AARADHYA,AARADHYA DISPOSAL INDUS L
AAREYDRUGS,AAREY DRUGS & PHARM LTD  
AARNAV,AARNAV FASHIONS LIMITED  
AARON,AARON INDUSTRIES LIMITED 
AARTECH,AARTECH SOLONICS LIMITED 
AARTIDRUGS,AARTI DRUGS LTD.         
AARTIIND,AARTI INDUSTRIES LTD     
AARTIPHARM,AARTI PHARMALABS LIMITED 
AARTISURF,AARTI SURFACTANTS LIMITED
AARVI,AARVI ENCON LIMITED      
AASTHA,AASTHA SPINTEX LIMITED   
AATMAJ,AATMAJ HEALTHCARE LIMITED
AAVAS,AAVAS FINANCIERS LIMITED 
ABAN,ABAN OFFSHORE LTD.       
ABANSENT,ABANS ENTERPRISES LTD.   
ABB,ABB INDIA LIMITED        
ABBOTINDIA,ABBOTT INDIA LIMITED     
ABCAPITAL,ADITYA BIRLA CAPITAL LTD.
ABCOTS,A B COTSPIN INDIA LIMITED
ABDL,ALLIED BLEND N DISTILS L 
ABFRL,ADITYA BIRLA FASHION & RT
ABHAPOWER,ABHA POWER N STEEL LTD   
ABINFRA,A B INFRABUILD LIMITED   
ABLBL,ADITYA BIRLA LIFES BRAN L
ABMINTLLTD,ABM INTERNATIONAL LTD    
ABMKNO,A B M KNOWLEDGEWARE LTD. 
ABNINT,A B N INTERCORP LIMITED  
ABREL,ADITYA BIRLA REAL EST LTD
ABSLAMC,ADIT BIRL SUN LIF AMC LTD
ABSMARINE,ABS MARINE SERVICES LTD  
ACC,ACC LIMITED              
ACCELYA,ACCELYA SOLN INDIA LTD   
ACCENTMIC,ACCENT MICROCELL LIMITED 
ACCORD,ACCORD SYNERGY LIMITED   
ACCPL,ACCRETION PHARMA LIMITED 
ACCURACY,ACCURACY SHIPPING LIMITED
ACE,ACTION CONST EQUIP LTD   
ACEINTEG,ACE INTEGRATED SOLU. LTD.
ACETEC,ACETECH E-COMMERCE LTD   
ACI,ARCHEAN CHEMICAL IND LTD 
ACL,ANDHRA CEMENTS LIMITED   
ACMESOLAR,ACME SOLAR HOLDINGS LTD  
ACSTECH,A C S TECHNOLOGIES LTD.  
ACTIVEINFR,ACTIVE INFRASTRUCTURES L 
ACUTAAS,ACUTAAS CHEMICALS LIMITED
ADANIENSOL,ADANI ENERGY SOLUTION LTD
ADANIENT,ADANI ENTERPRISES LIMITED
ADANIGREEN,ADANI GREEN ENERGY LTD   
ADANIPORTS,ADANI PORT & SEZ LTD     
ADANIPOWER,ADANI POWER LTD          
ADDICTIVE,ADDICTIVE LEARNING TECH L
ADFFOODS,ADF FOODS LIMITED        
ADISOFT,ADISOFT TECHNOLOGIES LTD 
ADL,ARCHIDPLY DECOR LIMITED  
ADOR,ADOR WELDING LTD         
ADROITINFO,ADROIT INFOTECH LIMITED  
ADSL,ALLIED DIGITAL SERV. LTD 
ADVAIT,ADVAIT ENRGY TRANSITION L
ADVANCE,ADVANCE AGROLIFE LIMITED 
ADVANIHOTR,ADVANI HOT.& RES.(I) LTD 
ADVENTHTL,ADVENT HOTELS INTERNATI L
ADVENZYMES,ADVANCED ENZYME TECH LTD 
AEGISLOG,AEGIS LOGISTICS LIMITED  
AEGISVOPAK,AEGIS VOPAK TERMINALS LTD
AEPL,ARTEMIS ELECTRICALS & P L
AEQUS,AEQUS LIMITED            
AEROENTER,AEROFLEX ENTERPRISES LTD 
AEROFLEX,AEROFLEX INDUSTRIES LTD  
AERON,AERON COMPOSITE LIMITED  
AERONEU,AEROFLEX NEU LIMITED     
AEROPLANE,AMIR CHAND JAG KUM (E) L 
AESTHETIK,AESTHETIK ENGINEERS LTD  
AETHER,AETHER INDUSTRIES LIMITED
AFCONS,AFCONS INFRASTRUCTURE LTD
AFFLE,AFFLE 3I LIMITED         
AFFORDABLE,AFFORD ROBO & AUTO LTD   
AFIL,AKME FINTRADE (INDIA) LTD
AFSL,ABANS FINANCIAL SRVCS LTD
AGARIND,AGARWAL INDS CORP LTD.   
AGARWALEYE,DR AGARWALS HEALTH CARE L
AGARWALFT,AGARWAL FLOAT GLASS I LTD
AGARWALTUF,AGARWAL TOUGH GLASS IND L
AGI,AGI GREENPAC LIMITED     
AGIIL,AGI INFRA LIMITED        
AGL,ALLCARGO GLOBAL LIMITED  
AGNI,AGNI GREEN POWER LTD     
AGRITECH,AGRI-TECH (INDIA) LIMITED
AGROPHOS,AGRO PHOS INDIA LIMITED  
AGSTRA,AGS TRANSACT TECH LTD    
AGUL,A G UNIVERSAL LIMITED    
AHCL,ANLON HEALTHCARE LIMITED 
AHIMSA,AHIMSA INDUSTRIES LTD.   
AHLADA,AHLADA ENGINEERS LIMITED 
AHLEAST,ASIAN HOTELS (EAST) LTD  
AHLUCONT,AHLUWALIA CONT IND LTD   
AHLWEST,ASIAN HOTELS (WEST) LTD  
AIAENG,AIA ENGINEERING LIMITED  
AIIL,AUTHUM INVEST & INFRA LTD
AILIMITED,ABHISHEK INTEGRATIONS LTD
AIMTRON,AIMTRON ELECTRONICS LTD  
AIRAN,AIRAN LIMITED            
AIROLAM,AIRO LAM LIMITED         
AISL,ANI INTEGRATED SERV LTD. 
AJANTPHARM,AJANTA PHARMA LIMITED    
AJAXENGG,AJAX ENGINEERING LIMITED 
AJMERA,AJMERA REALTY & INF I LTD
AJOONI,AJOONI BIOTECH LIMITED   
AKANKSHA,AKANKSHA POWER N INFRA L 
AKASH,AKASH INFRA-PROJECTS LTD 
AKCAPIT,A K CAPITAL SERVICES LTD.
AKG,AKG EXIM LIMITED         
AKI,AKI INDIA LIMITED        
AKIKO,AKIKO GLOBAL SERVICES L  
AKSHAR,AKSHAR SPINTEX LIMITED   
AKSHARCHEM,AKSHARCHEM INDIA LIMITED 
AKSHOPTFBR,AKSH OPTIFIBRE  LTD      
AKUMS,AKUMS DRUGS AND PHARMA L 
ALANKIT,ALANKIT LIMITED          
ALBERTDAVD,ALBERT DAVID LIMITED     
ALCODIS,ALCOKRAFT DISTILLERIE LTD
ALEMBICLTD,ALEMBIC LIMITED          
ALGOQUANT,ALGOQUANT FINTECH LIMITED
ALICON,ALICON CASTALLOY LIMITED 
ALIVUS,ALIVUS LIFE SCIENCES LTD 
ALKALI,ALKALI METALS LTD        
ALKEM,ALKEM LABORATORIES LTD.  
ALKYLAMINE,ALKYL AMINES CHEM. LTD   
ALLCARGO,ALLCARGO LOGISTICS LTD   
ALLDIGI,ALLDIGI TECH LIMITED     
ALLETEC,ALL E TECHNOLOGIES LTD   
ALLTIME,ALL TIME PLASTICS LIMITED
ALMONDZ,ALMONDZ GLOBAL SEC LTD   
ALOKINDS,ALOK INDUSTRIES LIMITED  
ALPA,ALPA LABORATORIES LTD    
ALPEXSOLAR,ALPEX SOLAR LIMITED      
ALPHAGEO,ALPHAGEO (INDIA) LIMITED 
ALPINETEX,ALPINE TEXWORLD LIMITED  
ALUWIND,ALUWIND INFRA-TECH LTD   
AMAGI,AMAGI MEDIA LABS LIMITED 
AMANTA,AMANTA HEALTHCARE LIMITED
AMBAAUTO,AMBA AUTO SALES AND SER L
AMBALALSA,AMBALAL SARABHAI ENT L   
AMBANIORGO,AMBANI ORGOCHEM LIMITED  
AMBER,AMBER ENTERPRISES (I) LTD
AMBICAAGAR,AMBICA AGAR & AROMAINDLTD
AMBIKCO,AMBIKA COTTON MILL LTD.  
AMBUJACEM,AMBUJA CEMENTS LTD       
AMCL,ANB METAL CAST LIMITED   
AMDIND,AMD INDUSTRIES LIMITED   
AMEYA,AMEYA PRECISION ENG LTD  
AMIABLE,AMIABLE LOGISTICS (I) LTD
AMJLAND,AMJ LAND HOLDINGS LIMITED
AMNPLST,AMINES & PLASTICIZERS LTD
AMRUTANJAN,AMRUTAJAN HEALTH LTD     
ANANDRATHI,ANAND RATHI WEALTH LTD   
ANANTAM,ANANTAM HIGHWAYS TRUST   
ANANTRAJ,ANANT RAJ LIMITED        
ANAWIL,ANAWIL WIRE AND ENGIN LTD
ANDHRAPAP,ANDHRA PAPER LIMITED     
ANDHRSUGAR,ANDHRA SUGARS LTD        
ANGELONE,ANGEL ONE LIMITED        
ANIKINDS,ANIK INDUSTRIES LTD      
ANKITMETAL,ANKIT MET & POW LTD      
ANLON,ANLON TECHNOLOGY SOL LTD 
ANMOL,ANMOL INDIA LIMITED      
ANNAPURNA,ANNAPURNA SWADISHT LTD   
ANONDITA,ANONDITA MEDICARE LIMITED
ANSALAPI,ANSAL PROP & INFRA LTD   
ANTELOPUS,ANTELOPUS SELAN ENRGY LTD
ANTGRAPHIC,ANTARCTICA LTD           
ANTHEM,ANTHEM BIOSCIENCES LTD   
ANUHPHR,ANUH PHARMA LIMITED      
ANUP,THE ANUP ENGINEERING LTD 
ANURAS,ANUPAM RASAYAN INDIA LTD 
ANYA,ANYA POLYTECH & FERTI LTD
ANZEN,ANZEN IND ENE YLD PLU TRU
APARINDS,APAR INDUSTRIES LTD.     
APCL,ANJANI PORTLAND CEM LTD  
APCOTEXIND,APCOTEX INDUSTRIES LIMITE
APEX,APEX FROZEN FOODS LIMITED
APEXECO,APEX ECOTECH LIMITED     
APLAPOLLO,APL APOLLO TUBES LTD     
APLLTD,ALEMBIC PHARMA LTD       
APOLLO,APOLLO MICRO SYSTEMS LTD 
APOLLOHOSP,APOLLO HOSPITALS ENTER. L
APOLLOPIPE,APOLLO PIPES LIMITED     
APOLLOTYRE,APOLLO TYRES LTD         
APOLSINHOT,APOLLO SINDOORI HOTEL LTD
APRAMEYA,APRAMEYA ENGINEERING LTD 
APS,AUSTRALIAN PREM SOLAR I L
APSISAERO,APSIS AEROCOM LIMITED    
APTECHT,APTECH LIMITED           
APTUS,APTUS VALUE HSG FIN I LTD
AQYLON,AQYLON NEXUS LIMITED     
ARABIAN,ARABIAN PETROLEUM LIMITED
ARCHIDPLY,ARCHIDPLY IND. LTD       
ARCHIES,ARCHIES LTD              
ARCIIL,ARC INSULATION & INSU LTD
ARDEE,ARDEE INDUSTRIES LIMITED 
ARE&M,AMARA RAJA ENERGY MOB LTD
ARENTERP,RAJDARSHAN INDUSTRIES LTD
ARFIN,ARFIN INDIA LIMITED      
ARHAM,ARHAM TECHNOLOGIES LTD   
ARIES,ARIES AGRO LTD.          
ARIHANT,ARIHANT FOUN & HOU LTD   
ARIHANTACA,ARIHANT ACADEMY LIMITED  
ARIHANTCAP,ARIHANT CAPITAL MKTS LTD 
ARIHANTSUP,ARIHANT SUPERSTRUCT LTD  
ARIS,ARISINFRA SOLUTIONS LTD  
ARISTO,ARISTO BIO T AND LIFESC L
ARKADE,ARKADE DEVELOPERS LIMITED
ARMANFIN,ARMAN FIN SERV LTD       
ARMOUR,ARMOUR SECURITY (INDIA) L
AROGRANITE,ARO GRANITE IND. LTD.    
ARROWGREEN,ARROW GREENTECH LIMITED  
ARSHIYA,ARSHIYA LIMITED          
ARSSBL,ANAND RATHI SH N STK BR L
ARTEMISMED,ARTEMIS MED SERVICE LTD  
ARTNIRMAN,ART NIRMAN LIMITED       
ARUNAYA,ARUNAYA ORGANICS LIMITED 
ARVEE,ARVEE LABORATORIES I LTD 
ARVIND,ARVIND LIMITED           
ARVINDFASN,ARVIND FASHIONS LIMITED  
ARVINDPORT,ARVIND PORT AND INFRA LTD
ARVSMART,ARVIND SMARTSPACES LTD   
ASAHIINDIA,ASAHI INDIA GLASS LIMITED
ASAHISONG,ASAHI SONGWON COLOR LTD  
ASAL,AUTOMOTIVE STAMPINGS & AS
ASALCBR,ASSO ALCOHOLS & BREW LTD 
ASCOM,ASCOM LEASIN & INVEST LTD
ASHALOG,ASHAPURA LOGISTICS LTD   
ASHAPURMIN,ASHAPURA MINECHEM LTD    
ASHIANA,ASHIANA HOUSING LTD      
ASHIKAG,ASHIKA GLOBAL SEC LTD    
ASHIMASYN,ASHIMA LTD               
ASHOKA,ASHOKA BUILDCON LTD      
ASHOKAMET,ASHOKA METCAST LIMITED   
ASHOKLEY,ASHOK LEYLAND LTD        
ASHWINI,ASHWINI CONTAINER MOVER L
ASIANENE,ASIAN ENERGY SERVICES LTD
ASIANHOTNR,ASIAN HOTELS (NORTH) LTD 
ASIANPAINT,ASIAN PAINTS LIMITED     
ASIANTILES,ASIAN GRANITO IND. LTD.  
ASKAUTOLTD,ASK AUTOMOTIVE LIMITED   
ASMS,AVIO SMART MRKT STACK LTD
ASPINWALL,ASPINWALL & CO LTD       
ASPIRE,ASPIRE & INNOVATIVE ADV L
ASTAR,ASIAN STAR CO. LTD.      
ASTEC,ASTEC LIFESCIENCES LTD   
ASTERDM,ASTER DM QUALITY CARE LTD
ASTRAL,ASTRAL LIMITED           
ASTRAMICRO,ASTRA MICROWAVE LTD      
ASTRAZEN,ASTRAZENECA PHARMA IND LT
ASTRON,ASTRON PAPER BORD MIL LTD
ATALREAL,ATAL REALTECH LIMITED    
ATAM,ATAM VALVES LIMITED      
ATCENERGY,ATC ENERGIES SYSTEM LTD  
ATGL,ADANI TOTAL GAS LIMITED  
ATHERENERG,ATHER ENERGY LIMITED     
ATL,ALLCARGO TERMINALS LTD   
ATLANTAA,ATLANTAA LIMITED         
ATLANTAELE,ATLANTA ELECTRICALS LTD  
ATLASCYCLE,ATLAS CYCLE (HARYANA) LTD
ATMASTCO,ATMASTCO LIMITED         
ATUL,ATUL LTD                 
ATULAUTO,ATUL AUTO LIMITED        
AUBANK,AU SMALL FINANCE BANK LTD
AURIONPRO,AURIONPRO SOLN LTD       
AUROIMPEX,AURO IMPEX & CHEMICALS L 
AUROPHARMA,AUROBINDO PHARMA LTD     
AURUM,AURUM PROPTECH LIMITED   
AURUS,AURUS GEM CORP LIMITED   
AUSL,ADITYA ULTRA STEEL LTD   
AUSOMENT,AUSOM ENTERPRISE LIMITED 
AUTOAXLES,AUTOMOTIVE AXLES LIMITED 
AUTOIND,AUTOLINE INDUSTRIES LTD  
AVADHSUGAR,AVADH SUG & ENERGY LTD   
AVALON,AVALON TECHNOLOGIES LTD  
AVANA,AVANA ELECTROSYSTEMS LTD 
AVANTEL,AVANTEL LIMITED          
AVANTIFEED,AVANTI FEEDS LIMITED     
AVATAR,AVATAR INDUSTRIES LIMITED
AVG,AVG LOGISTICS LIMITED    
AVIANSH,AVI ANSH TEXTILE LIMITED 
AVIENCE,AVIENCE BIOMEDICALS LTD  
AVL,ADITYA VISION LIMITED    
AVONMORE,AVONMORE CAP&MGT SERV LTD
AVPINFRA,AVP INFRACON LIMITED     
AVROIND,AVRO INDIA LIMITED       
AVSL,AVSL INDUSTRIES LIMITED  
AVTNPL,AVT NATURAL PRODUCTS LTD 
AWFIS,AWFIS SPACE SOLUTIONS LTD
AWHCL,ANTONY WASTE HDG CELL LTD
AWL,AWL AGRI BUSINESS LIMITED
AXISBANK,AXIS BANK LIMITED        
AXISCADES,AXISCADES TECH LTD       
AXITA,AXITA COTTON LIMITED     
AYE,AYE FINANCE LIMITED      
AYMSYNTEX,AYM SYNTEX LIMITED       
AZAD,AZAD ENGINEERING LIMITED 
BABAFP,BABA FOOD PROCESSING     
BAFNAPH,BAFNA PHARMACEUTICALS LTD
BAGDIGITAL,B.A.G.CONVERGENCE LIMITED
BAGFILMS,B.A.G FILMS AND MEDIA LTD
BAGMANE,BAGMANE PRIME OFFICE REIT
BAHETI,BAHETI RECYCLING IND LTD 
BAIDFIN,BAID FINSERV LIMITED     
BAJAJ-AUTO,BAJAJ AUTO LIMITED       
BAJAJCON,BAJAJ CONSUMER CARE LTD  
BAJAJELEC,BAJAJ ELECT.LTD          
BAJAJFINSV,BAJAJ FINSERV LTD.       
BAJAJHCARE,BAJAJ HEALTHCARE LIMITED 
BAJAJHFL,BAJAJ HOUSING FINANCE LTD
BAJAJHIND,BAJAJ HINDUSTHAN SUGAR LT
BAJAJHLDNG,BAJAJ HOLDINGS & INVS LTD
BAJAJINDEF,INDEF MANUFACTURING LTD  
BAJAJST,BAJAJ STEEL INDS. LTD.   
BAJEL,BAJEL PROJECTS LIMITED   
BAJFINANCE,BAJAJ FINANCE LIMITED    
BALAJEE,SHREE TIRUPATI BALAJEE L 
BALAJIPHOS,BALAJI PHOSPHATES LIMITED
BALAJITELE,BALAJI TELEFILMS LIMITED.
BALAMINES,BALAJI AMINES LIMITED    
BALAXI,BALAXI PHARMA LTD        
BALCO,SOLVE PLASTIC PRODUCTS L 
BALKRISHNA,BALKRISHNA PAPER MILLS L 
BALKRISIND,BALKRISHNA IND. LTD      
BALMLAWRIE,BALMER LAWRIE & CO LTD   
BALPHARMA,BAL PHARMA LTD.          
BALRAMCHIN,BALRAMPUR CHINI MILLS LTD
BALUFORGE,BALU FORGE INDUSTRIES LTD
BANARBEADS,BANARAS BEADS LTD        
BANARISUG,BANNARI AMMAN SUGARS LTD 
BANCOINDIA,BANCO PRODUCTS (I) LTD   
BANDHANBNK,BANDHAN BANK LIMITED     
BANG,BANG OVERSEAS LTD.       
BANKA,BANKA BIOLOO LIMITED     
BANKBARODA,BANK OF BARODA           
BANKINDIA,BANK OF INDIA            
BANSALWIRE,BANSAL WIRE INDUSTRIES L 
BANSWRAS,BANSWARA SYNTEX LIMITED  
BARFLEX,BARFLEX POLYFILMS LIMITED
BASF,BASF INDIA LTD           
BASILIC,BASILIC FLY STUDIO LTD   
BASML,BANNARI AM SPIN MILL LTD.
BATAINDIA,BATA INDIA LTD           
BATLIBOI,BATLIBOI LTD.            
BAWEJA,BAWEJA STUDIOS LIMITED   
BAYERCROP,BAYER CROPSCIENCE LTD    
BBL,BHARAT BIJLEE LTD        
BBOX,BLACK BOX LIMITED        
BBTC,BOMBAY BURMAH TRADING COR
BBTCL,B&B TRIPLEWALL CONT LTD  
BCG,BRIGHTCOM GROUP LIMITED  
BCLIND,BCL INDUSTRIES LIMITED   
BCONCEPTS,BRAND CONCEPTS LIMITED   
BCPL,BCPL RAILWAY INFRA LTD   
BDL,BHARAT DYNAMICS LIMITED  
BDR,BDR BUILDCON LIMITED     
BEACON,BEACON TRUSTEESHIP LTD   
BEARDSELL,BEARDSELL LIMITED        
BECTORFOOD,MRS BECTORS FOOD SPE LTD 
BEDMUTHA,BEDMUTHA INDUST LTD      
BEEKAY,BEEKAY STEEL INDS. LTD.  
BEL,BHARAT ELECTRONICS LTD   
BELLACASA,BELLA CASA FASH AND RET L
BELRISE,BELRISE INDUSTRIES LTD   
BEML,BEML LIMITED             
BENGALASM,BENGAL & ASSAM CO. LTD.  
BEPL,BHANSALI ENG. POLYMERS LT
BERGEPAINT,BERGER PAINTS (I) LTD    
BESTAGRO,BEST AGROLIFE LIMITED    
BETA,BETA DRUGS LIMITED       
BEWLTD,BEW ENGINEERING LIMITED  
BFINVEST,BF INVESTMENT LIMITED    
BFUTILITIE,BF UTILITIES LIMITED     
BGRENERGY,BGR ENERGY SYSTEMS LTD   
BHADORA,BHADORA INDUSTRIES LTD   
BHAGCHEM,BHAGIRADHA CHEM & INDS L 
BHAGERIA,BHAGERIA INDUSTRIES LTD  
BHAGYANGR,BHAGYANAGAR INDIA LIMITED
BHANDARI,BHANDARI HOSIERY EXP LTD 
BHARATCOAL,BHARAT COKING COAL LTD   
BHARATFORG,BHARAT FORGE LTD         
BHARATGEAR,BHARAT GEARS LTD         
BHARATRAS,BHARAT RASAYAN LTD       
BHARATSE,BHARAT SEATS LIMITED     
BHARATWIRE,BHARAT WIRE ROPES LTD.   
BHARTIARTL,BHARTI AIRTEL LIMITED    
BHARTIHEXA,BHARTI HEXACOM LIMITED   
BHEL,BHEL                     
BI,BILCARE LTD.             
BIGBLOC,BIGBLOC CONSTRUCTION LTD 
BIKAJI,BIKAJI FOODS INTERN LTD  
BIKEWO,BIKEWO GREEN TECH LIMITED
BIL,BHARTIYA INTERNATIONAL   
BILVYAPAR,BIL VYAPAR LIMITED       
BIMETAL,BIMETAL BEARINGS LTD.    
BIOCON,BIOCON LIMITED.          
BIOFILCHEM,BIOFIL CHEM & PHARMA LTD 
BIOPOL,BIOPOL CHEMICALS LIMITED 
BIRDYS,GRILL SPLENDOUR SER LTD  
BIRET,BROOKFIELD INDIA RET     
BIRLACABLE,BIRLA CABLE LIMITED      
BIRLACORPN,BIRLA CORPORATION LTD    
BIRLAMONEY,ADITYA BIRLA MONEY LTD   
BIRLANU,BIRLANU LIMITED          
BIRLAPREC,BIRLA PRECISION TECH L   
BLACKBUCK,BLACKBUCK LIMITED        
BLACKROSE,BLACK ROSE INDS. LTD.    
BLAL,BEML LAND ASSETS LIMITED 
BLBLIMITED,BLB LIMITED              
BLIL,BALMER LAWRIE INVSTS. L  
BLISSGVS,BLISS GVS PHARMA LTD     
BLKASHYAP,B.L.KASHYAP & SON LTD    
BLS,BLS INTL SERVS LTD       
BLSE,BLS E-SERVICES LIMITED   
BLUECHIP,BLUE CHIP INDIA LIMITED  
BLUECOAST,BLUE COAST HOTELS LIMITED
BLUEDART,BLUE DART EXPRESS LTD    
BLUEJET,BLUE JET HEALTHCARE LTD  
BLUEPEBBLE,BLUE PEBBLE LIMITED      
BLUESTARCO,BLUE STAR LIMITED        
BLUESTONE,BLUESTONE JEWEL LFSTL LTD
BLUEWATER,BLUE WATER LOGISTICS LTD 
BLUSPRING,BLUSPRING ENTERPRISES LTD
BMETRICS,BOMBAY METRICS S C LTD   
BMLL,BIO MEDICA LABORATORIES L
BMWVENTLTD,BMW VENTURES LIMITED     
BNAGROCHEM,BN AGROCHEM LTD.         
BNALTD,B & A LTD.               
BODALCHEM,BODAL CHEMICALS LTD      
BOHRAIND,BOHRA INDUSTRIES LIMITED 
BOMDYEING,BOMBAY DYEING & MFG. CO L
BONLON,BONLON INDUSTRIES LIMITED
BORANA,BORANA WEAVES LIMITED    
BOROLTD,BOROSIL LIMITED          
BORORENEW,BOROSIL RENEWABLES LTD   
BOROSCI,BOROSIL SCIENTIFIC LTD   
BOSCH-HCIL,BOSCH HOME COMFRT IND LTD
BOSCHLTD,BOSCH LIMITED            
BOSS,BOSS PACKAGING SOLU LTD  
BPCL,BHARAT PETROLEUM CORP  LT
BPL,BPL LTD                  
BRACEPORT,BRACE PORT LOGISTICS LTD 
BRANDMAN,BRANDMAN RETAIL LIMITED  
BRIGADE,BRIGADE ENTER. LTD       
BRIGHOTEL,BRIGADE HOTEL VENTURE LTD
BRITANNIA,BRITANNIA INDUSTRIES LTD 
BRNL,BHARAT ROAD NETWORK LTD  
BROOKS,BROOKS LAB LIMITED       
BSE,BSE LIMITED              
BSHSL,BOMBAY SUPER HYBRID SEEDS
BSL,BSL LTD                  
BSOFT,BIRLASOFT LIMITED        
BTML,BODHI TREE MULTIMEDIA LTD
BTTL,BHILWARA TECHNICAL TEXT L
BUILDPRO,SHANKARA BUILDPRO LIMITED
BULKCORP,BULKCORP INTERNATIONAL L 
BURNPUR,BURNPUR CEMENT LIMITED   
BUTTERFLY,BTRFLY GANDHI APPL LTD   
BVCL,BARAK VALLEY CEM. LTD.   
BYKE,THE BYKE HOSPITALITY LTD 
C2C,C2C ADVANCED SYSTEMS LTD 
CADSYS,CADSYS (INDIA) LIMITED   
CALSOFT,CALIFORNIA SOFTWARE CO LT
CAMLINFINE,CAMLIN FINE SCIENCES LTD 
CAMPUS,CAMPUS ACTIVEWEAR LIMITED
CAMS,COMPUTER AGE MNGT SER LTD
CANARYS,CANARYS AUTOMATIONS LTD  
CANBK,CANARA BANK              
CANFINHOME,CAN FIN HOMES LTD        
CANHLIFE,CANARA HSBC LIFE INS CO L
CANTABIL,CANTABIL RETAIL LTD      
CAPACITE,CAPACITE INFRAPROJECT LTD
CAPILLARY,CAPILLARY TECHNO INDIA L 
CAPINVIT,CAPITAL INFRA TRUST      
CAPITALSFB,CAPITAL SMALL FIN BANK L 
CAPLIPOINT,CAPLIN POINT LAB LTD.    
CAPTRUST,CAPITAL TRUST LIMITED    
CARBORUNIV,CARBORUNDUM UNIVERSAL LTD
CARERATING,CARE RATINGS LIMITED     
CARRARO,CARRARO INDIA LIMITED    
CARTRADE,CARTRADE TECH LIMITED    
CARYSIL,CARYSIL LIMITED          
CASTROLIND,CASTROL INDIA LIMITED    
CBAZAAR,NET AVENUE TECHNOLOGIES L
CCAVENUE,AVENUESAI LIMITED        
CCCL,CONS. CONST. CONSORT LTD 
CCHHL,COUNTRY CLUB HOSP HOL LTD
CCL,CCL PRODUCTS (I) LTD     
CDSL,CENTRAL DEPO SER (I) LTD 
CEATLTD,CEAT LIMITED             
CEDAAR,CEDAAR TEXTILE LIMITED   
CEIGALL,CEIGALL INDIA LIMITED    
CEINSYS,CEINSYS TECH LIMITED     
CELEBRITY,CELEBRITY FASHIONS LTD   
CELLECOR,CELLECOR GADGETS LIMITED 
CELLO,CELLO WORLD LIMITED      
CELLPOINT,CELL POINT (INDIA) LTD   
CEMPRO,CEMINDIA PROJECTS LIMITED
CENTENKA,CENTURY ENKA LTD         
CENTEXT,CENTURY EXTRUSIONS LTD   
CENTRALBK,CENTRAL BANK OF INDIA    
CENTRUM,CENTRUM CAPITAL LIMITED  
CENTUM,CENTUM ELECTRONICS LTD   
CENTURYPLY,CENTURY PLYBOARDS (I) LTD
CERA,CERA SANITARYWARE LTD    
CEREBRAINT,CEREBRA INT TECH LTD     
CESC,CESC LTD                 
CEWATER,CONCORD ENVIRO SYSTEMS L 
CGCL,CAPRI GLOBAL CAPITAL LTD 
CGPOWER,CG POWER AND IND SOL LTD 
CGRAPHICS,CREATIVE GRAPHICS S IND L
CHALET,CHALET HOTELS LIMITED    
CHAMBLFERT,CHAMBAL FERTILIZERS LTD  
CHAMUNDA,CHAMUNDA ELECTRICAL LTD  
CHANDAN,CHANDAN HEALTHCARE LTD   
CHAVDA,CHAVDA INFRA LIMITED     
CHEMBOND,CHEMBOND MATERIALTECH LTD
CHEMBONDCH,CHEMBOND CHEMICAL LIMITED
CHEMCON,CHEMCON SPECIAL CHEM LTD 
CHEMFAB,CHEMFAB ALKALIS LIMITED  
CHEMPLASTS,CHEMPLAST SANMAR LIMITED 
CHENNPETRO,CHENNAI PETROLEUM CORP LT
CHETANA,CHETANA EDUCATION LIMITED
CHEVIOT,CHEVIOT COMPANY LIMITED  
CHOICEIN,CHOICE INTERNATIONAL LTD 
CHOLAFIN,CHOLAMANDALAM IN & FIN CO
CHOLAHLDNG,CHOLAMANDALAM FIN HOL LTD
CIEINDIA,CIE AUTOMOTIVE INDIA LTD 
CIFL,CAPITAL INDIA FINANCE LTD
CINELINE,CINELINE INDIA LIMITED   
CINEVISTA,CINEVISTA LIMITED        
CIPLA,CIPLA LTD                
CITIUSINVT,CITIUS TRANSNET INV TRUST
CKKRETAIL,C K K RETAIL MART LIMITED
CLASSICEIL,CLASSIC ELECTRODE (IND) L
CLAYCRAFT,CLAY CRAFT INDIA LIMITED 
CLCIND,CLC INDUSTRIES LIMITED   
CLEAN,CLEAN SCIENCE & TECH LTD 
CLEANMAX,CLEAN MAX ENVIRO EN SOL L
CLEDUCATE,CL EDUCATE LIMITED       
CLSEL,CHAMAN LAL SETIA EXP LTD 
CLSL,CROP LIFE SCIENCE LIMITED
CMLL,CALIBER MINING AND LOG L 
CMNL,CHAMAN METALLICS LIMITED 
CMPDI,CENTRAL MINE P N D INST L
CMRGREEN,CMR GREEN TECHNOLOGIES L 
CMRSL,CYBER MEDIA RES & SER LTD
CMSINFO,CMS INFO SYSTEMS LIMITED 
CNL,CREATIVE NEWTECH LIMITED 
COALINDIA,COAL INDIA LTD           
COASTCORP,COASTAL CORPORATION LTD  
COCHINSHIP,COCHIN SHIPYARD LIMITED  
COCKERILL,JOHN COCKERILL INDIA LTD.
COFFEEDAY,COFFEE DAY ENTERPRISE LTD
COFORGE,COFORGE LIMITED          
COHANCE,COHANCE LIFESCIENCES LTD 
COLPAL,COLGATE PALMOLIVE LTD.   
COMFINTE,COMFORT INTECH LTD.      
COMMITTED,COMMITTED CARGO CARE LTD 
COMPINFO,COMPUAGE INFOCOM LTD     
COMPUSOFT,COMPUCOM SOFTWARE LTD    
COMSYN,COMMERCIAL SYN BAGS LTD  
CONCOR,CONTAINER CORP OF IND LTD
CONCORDBIO,CONCORD BIOTECH LIMITED  
CONFIPET,CONFIDENCE PETRO IND LTD.
CONNPLEX,CONNPLEX CINEMAS LIMITED 
CONSOFINVT,CONSO. FIN. & HOLD. LTD. 
CONTI,CONTINENTAL SEED CHEM LTD
CONTROLPR,CONTROL PRINT LIMITED    
COOLCAPS,COOL CAPS INDUSTRIES LTD 
CORALFINAC,CORAL INDIA FIN & HOUS LT
CORDELIA,WATERWAYS LEISURE TOUR L 
CORDSCABLE,CORDS CABLE INDUS LTD.   
COROMANDEL,COROMANDEL INTERNTL. LTD 
CORONA,CORONA REMEDIES LIMITED  
COSMOFIRST,COSMO FIRST LIMITED      
COUNCODOS,COUNTRY CONDO S LIMITED  
CPCAP,CP CAPITAL LIMITED       
CPEDU,CAREER POINT EDUTECH LTD 
CPL,CAPTAIN POLYPLAST LIMITED
CPPLUS,ADITYA INFOTECH LIMITED  
CPS,C P S SHAPERS LIMITED    
CRAFTSMAN,CRAFTSMAN AUTOMATION LTD 
CRAMC,CANARA ROBECO AMC LIMITED
CRAYONS,CRAYONS ADVERTISING LTD  
CREATIVEYE,CREATIVE EYE LIMITED     
CREDITACC,CREDITACCESS GRAMEEN LTD 
CREST,CREST VENTURES LIMITED   
CRISIL,CRISIL LTD               
CRIZAC,CRIZAC LIMITED           
CROMPTON,CROMPT GREA CON ELEC LTD 
CROWN,CROWN LIFTERS LIMITED    
CSBBANK,CSB BANK LIMITED         
CSLFINANCE,CSL FINANCE LIMITED      
CSM,CSM TECHNOLOGIES LIMITED 
CSSL,CLEAR SECURED SERVICES L 
CTE,CAMBRIDGE TECH ENTER LTD 
CUB,CITY UNION BANK LTD      
CUBEINVIT,CUBE HIGHWAYS TRUST      
CUBEXTUB,CUBEX TUBINGS LTD        
CUDML,CASH UR DRIVE MARKETING L
CUMMINSIND,CUMMINS INDIA LTD        
CUPID,CUPID LIMITED            
CURAA,CURA TECHNOLOGIES LIMITED
CURIS,CURIS LIFESCIENCES LTD   
CURRENT,CURRENT INFRAPROJECTS LTD
CYBERMEDIA,CYBER MEDIA (INDIA) LTD. 
CYBERTECH,CYBERTECH SYSTEMS & SOFTW
CYIENT,CYIENT LIMITED           
CYIENTDLM,CYIENT DLM LIMITED       
DABUR,DABUR INDIA LTD          
DAICHI,DAI-ICHI KARKARIA LTD.   
DALBHARAT,DALMIA BHARAT LIMITED    
DALMIASUG,DALMIA BHARAT SUG IN LTD 
DAMCAPITAL,DAM CAPITAL ADVISORS LTD 
DAMODARIND,DAMODAR INDUSTRIES LTD   
DANGEE,DANGEE DUMS LIMITED      
DANISH,DANISH POWER LIMITED     
DATAMATICS,DATAMATICS GLOBAL SER LTD
DATAPATTNS,DATA PATTERNS INDIA LTD  
DAVANGERE,DAVANGERE SUGAR COMPANY L
DBCORP,D.B.CORP LTD             
DBEIL,DEEPAK BUILDERS & ENG I L
DBL,DILIP BUILDCON LIMITED   
DBOL,DHAMPUR BIO ORGANICS LTD 
DBREALTY,VALOR ESTATE LIMITED     
DBSTOCKBRO,DB (INT) STOCK BROKERS   
DCAL,DISHMAN CARBO AMCIS LTD  
DCBBANK,DCB BANK LIMITED         
DCCL,DAR CREDIT & CAPITAL LTD 
DCG,DCG CABLES & WIRES LTD   
DCI,DC INFOTECH AND COMUN LTD
DCM,DCM LIMITED              
DCMFINSERV,DCM FINANCIAL SERVICES LT
DCMNVL,DCM NOUVELLE LIMITED     
DCMSHRIRAM,DCM SHRIRAM LIMITED      
DCMSIL,DCM SHRIRAM INTERNATNL L 
DCMSRIND,DCM SHRIRAM IND LTD      
DCW,DCW LTD                  
DCXINDIA,DCX SYSTEMS LIMITED      
DDEVPLSTIK,DDEV PLASTIKS IND LTD    
DECCANCE,DECCAN CEMENTS LIMITED   
DECCANTRAN,DECCAN TRANSCON LEASING L
DECNGOLD,DECCAN GOLD MINES LTD.   
DEEDEV,DEE DEVELOPMENT ENG LTD  
DEEM,DEEM ROLL TECH LIMITED   
DEEPAKFERT,DEEPAK FERTILIZERS & PETR
DEEPAKNTR,DEEPAK NITRITE LTD       
DEEPINDS,DEEP INDUSTRIES LIMITED  
DELAPLEX,DELAPLEX LIMITED         
DELHIVERY,DELHIVERY LIMITED        
DELPHIFX,DELPHI WORLD MONEY LTD   
DELTACORP,DELTA CORP LIMITED       
DELTAMAGNT,DELTA MANUFACTURING LTD  
DELTIC,DELTA AUTOCORP LIMITED   
DEN,DEN NETWORKS LTD         
DENEERS,DE NEERS TOOLS LIMITED   
DENORA,DE NORA INDIA LIMITED    
DENTA,DENTA WATER N INFRA SOL L
DENTALKART,VASA DENTICITY LIMITED   
DESTINY,DESTINY LOGISTICS & I LTD
DEVIT,DEV INFO TECHNOLOGY LTD  
DEVX,DEV ACCELERATOR LIMITED  
DEVYANI,DEVYANI INTERNATIONAL LTD
DGCONTENT,DIGICONTENT LIMITED      
DHAMPURSUG,DHAMPUR SUGAR MILLS LTD. 
DHANBANK,DHANLAXMI BANK LIMITED   
DHANLAXMI,DHANLAXMI CROP SCIENCE L 
DHANSA,DHANSA LABS LIMITED      
DHANUKA,DHANUKA AGRITECH LTD     
DHARAN,DHARAN INFRA-EPC LIMITED 
DHARARAIL,DHARA RAIL PROJECTS LTD  
DHARIWAL,DHARIWALCORP LIMITED     
DHARMAJ,DHARMAJ CROP GUARD LTD   
DHRUV,DHRUV CONSULTANCY SER LTD
DHTL,DOCMODE HEALTH TECH LTD  
DHUNINV,DHUNSERI INVESTMENTS LTD 
DIACABS,DIAMOND POWER INFRA LTD  
DIAMINESQ,DIAMINES & CHEMICALS LTD 
DIAMONDYD,PRATAAP SNACKS LIMITED   
DICIND,DIC INDIA LIMITED        
DIFFNKG,DIFFUSION ENGINEERS LTD  
DIGIDRIVE,DIGIDRIVE DISTRIBUTORS L 
DIGIKORE,DIGIKORE STUDIOS LIMITED 
DIGISPICE,DIGISPICE TECHNOLOGIES LT
DIGITIDE,DIGITIDE SOLUTIONS LTD   
DIGJAMLMTD,DIGJAM LTD               
DIRL,DHANUKA INFRA REALTY LTD 
DISAQ,DISA INDIA LTD.          
DISHTV,DISH TV INDIA LTD.       
DIVGIITTS,DIVGI TORQTRANSFER SYST L
DIVINEHIRA,DIVINE HIRA JEWELLERS LTD
DIVISLAB,DIVI S LABORATORIES LTD  
DIVYADHAN,DIVYADHAN RECYCLING IND L
DIXON,DIXON TECHNO (INDIA) LTD 
DJML,DJ MEDIAPRINT & LOG LTD  
DKEGL,D K ENTERPRISES GLOBAL L 
DLF,DLF LIMITED              
DLINKINDIA,D-LINK INDIA LTD         
DMART,AVENUE SUPERMARTS LIMITED
DMCC,DMCC SPECIALITY CHEMICALS
DNAMEDIA,DILIGENT MEDIA CORP LTD. 
DODLA,DODLA DAIRY LIMITED      
DOLATALGO,DOLAT ALGOTECH LIMITED   
DOLLAR,DOLLAR INDUSTRIES LIMITED
DOLLEX,DOLLEX AGROTECH LIMITED  
DOLPHIN,DOLPHIN OFF ENT (IND) L  
DOMS,DOMS INDUSTRIES LIMITED  
DONEAR,DONEAR IND. LIMITED      
DPABHUSHAN,D. P. ABHUSHAN LIMITED   
DPEL,DIVINE POWER ENERGY LTD  
DPSCLTD,DPSC LIMITED             
DPWIRES,D P WIRES LIMITED        
DRAGARWQ,DR. AGARWAL'S EYE HOSP L 
DRCSYSTEMS,DRC SYSTEMS INDIA LIMITED
DREAMFOLKS,DREAMFOLKS SERVICES LTD  
DREDGECORP,DREDGING CORP OF INDIA   
DRONE,DRONE DESTINATION LIMITED
DRREDDY,DR. REDDY S LABORATORIES 
DRSCARGO,DRS CARGO MOVERS LIMITED 
DRSDILIP,DRS DILIP ROADLINES LTD. 
DSFCL,DCM SHRIRAM FINE CHEM LTD
DSKULKARNI,DS KULKARNI DEVELOPERS L 
DSSL,DYNACONS SYS & SOLN LTD  
DTIL,DHUNSERI TEA & IND. LTD. 
DTL,DIENSTEN TECH LIMITED    
DUCOL,DUCOL ORGS AND COLOURS LT
DUCON,DUCON INFRATECHNOLOGIES L
DUGLOBAL,DUDIGITAL GLOBAL LIMITED 
DURLAX,DURLAX TOP SURFACE LTD   
DVL,DHUNSERI VENTURES LIMITED
DWARKESH,DWARIKESH SUGAR IND LTD  
DYCL,DYNAMIC CABLES LIMITED   
DYNAMATECH,DYNAMATIC TECHNOLOGIES   
DYNAMIC,DYNAMIC SRVCS & SEC LTD  
DYNPRO,DYNEMIC PRODUCTS LIMITED 
E2E,E2E NETWORKS LIMITED     
E2ERAIL,E TO E TRANS INFRA LTD   
EASEMYTRIP,EASY TRIP PLANNERS LTD   
EASTSILK,EASTERN SILK INDUSTRIES L
EBGNG,GNG ELECTRONICS LIMITED  
ECLERX,ECLERX SERVICES LTD      
ECOLINE,ECOLINE EXIM LIMITED     
ECOSMOBLTY,ECOS (INDIA) MOB & HOSP L
EDELWEISS,EDELWEISS FIN SERV LTD   
EEPL,EPPELTONE ENGINEERS LTD  
EFACTOR,E FACTOR EXPERIENCES LTD 
EFCIL,EFC (I) LIMITED          
EFFWA,EFFWA INFRA & RESEARCH L 
EFORCE,ELECTRO FORCE (INDIA) LTD
EICHERMOT,EICHER MOTORS LTD        
EIDPARRY,EID PARRY INDIA LTD      
EIEL,ENVIRO INFRA ENGINEERS L 
EIFFL,EURO (I) FRESH FOODS LTD 
EIHAHOTELS,EIH ASSOCIATED HOTELS LTD
EIHOTEL,EIH LIMITED              
EIMCOELECO,EIMCO ELECON (INDIA) LTD 
EKC,EVEREST KANTO CYLINDERLTD
ELANTAS,ELANTAS BECK INDIA LTD.  
ELCIDIN,ELCID INVESTMENTS LTD.   
ELDEHSG,ELDECO HSG & IND LTD.    
ELECON,ELECON ENG. CO. LTD      
ELECTCAST,ELECTROSTEEL CASTINGS LTD
ELECTHERM,ELECTROTHERM (I) LTD.    
ELGIEQUIP,ELGI EQUIPMENTS LTD      
ELGIRUBCO,ELGI RUBBER CO. LTD      
ELGNZ,ELEGANZ INTERIORS LIMITED
ELIN,ELIN ELECTRONICS LIMITED 
ELITECON,ELITECON INTERNATIONAL L 
ELLEN,ELLENBARRIE INDUS GASES L
ELPROINTL,ELPRO INTERNATIONAL LTD  
EMAMILTD,EMAMI LIMITED            
EMAMIPAP,EMAMI PAPER MILLS LIMITED
EMAMIREAL,EMAMI REALTY LIMITED     
EMAPARTNER,EMA PARTNERS INDIA LTD   
EMBASSY,EMBASSY OFFICE PARKS REIT
EMBDL,EMBASSY DEVELOPMENTS LTD 
EMCURE,EMCURE PHARMACEUTICALS L 
EMIL,ELECTRONICS MART IND LTD 
EMKAY,EMKAY GLOBAL FIN SERV LTD
EMKAYTOOLS,EMKAY TAP & CUT. TOOL LTD
EMMBI,EMMBI INDUSTRIES LIMITED 
EMMIL,ENERGY MISSION MACH IND L
EMMVEE,EMMVEE PHOTOVOLTAIC PWR L
EMPOWER,EMPOWER INDIA LTD.       
EMSLIMITED,EMS LIMITED              
EMUDHRA,EMUDHRA LIMITED          
ENCOMPAS,ENCOMPASS DESIGN INDIA L 
ENDURANCE,ENDURANCE TECHNO. LTD.   
ENERGYDEV,ENERGY DEVE. CO.LTD      
ENFUSE,ENFUSE SOLUTIONS LIMITED 
ENGINERSIN,ENGINEERS INDIA LTD      
ENIL,ENTERTAIN NET. IND. LTD. 
ENRIN,SIEMENS ENERGY INDIA LTD 
ENSER,ENSER COMMUNICATIONS LTD 
ENTERO,ENTERO HEALTHCARE SOLU L 
ENVIRO,ENVIROTECH SYSTEMS LTD   
EPACK,EPACK DURABLE LIMITED    
EPACKPEB,EPACK PREFAB TECHN LTD   
EPIGRAL,EPIGRAL LIMITED          
EPL,EPL LIMITED              
EPWINDIA,EPW INDIA LIMITED        
EQUIPPP,EQUIPPP SOC IMP TECH LTD 
EQUITASBNK,EQUITAS SMALL FIN BNK LTD
ERIS,ERIS LIFESCIENCES LIMITED
ESABINDIA,ESAB INDIA LTD           
ESAFSFB,ESAF SMALL FINANCE BANK L
ESCONET,ESCONET TECHNOLOGIES LTD 
ESCORTS,ESCORTS KUBOTA LIMITED   
ESFL,ESSEN SPECIALITY FILMS L 
ESPRIT,ESPRIT STONES LIMITED    
ESSARSHPNG,ESSAR SHIPPING LTD       
ESSENTIA,INTEGRA ESSENTIA LIMITED 
ESTER,ESTER INDUSTRIES LTD     
ETERNAL,ETERNAL LIMITED          
ETHOSLTD,ETHOS LIMITED            
ETL,EMKAY TOOLS LIMITED      
ETML,EMERALD TYRE MANUF LTD   
EUREKAFORB,EUREKA FORBES LIMITED    
EUROBOND,EURO PANEL PRODUCTS LTD  
EUROPRATIK,EURO PRATIK SALES LIMITED
EUROTEXIND,EUROTEX IND & EXPORTS LTD
EVEREADY,EVEREADY INDS. IND.  LTD.
EVERESTIND,EVEREST INDUSTRIES LTD   
EXCELINDUS,EXCEL INDUSTRIES LTD     
EXCELLENT,EXCELLENT WIRES N PACK L 
EXCELSOFT,EXCELSOFT TECHNOLOGIES L 
EXICOM,EXICOM TELE SYSTEMS LTD  
EXIDEIND,EXIDE INDUSTRIES LTD     
EXIMROUTES,EXIM ROUTES LIMITED      
EXPLEOSOL,EXPLEO SOLUTIONS LIMITED 
EXXARO,EXXARO TILES LIMITED     
FABTECH,FABTECH TECHNOLOGIES LTD 
FACT,FACT LTD                 
FAIRCHEMOR,FAIRCHEM ORGANICS LIMITED
FALCONTECH,FALCON TECHNOPROJ IND LTD
FAZE3Q,FAZE THREE LIMITED       
FCL,FINEOTEX CHEMICAL LIMITED
FCSSOFT,FCS SOFTWARE SOLN. LTD.  
FDC,FDC LIMITED              
FEDDERSHOL,FEDDERS HOLDING LTD.     
FEDERALBNK,FEDERAL BANK LTD         
FEDFINA,FEDBANK FINANCIAL SER L  
FEL,FUTURE ENTERPRISES LTD   
FELDVR,FUTURE ENTERPRISES LTD   
FELIX,FELIX INDUSTRIES LTD.    
FERMENTA,FERMENTA BIOTECH LTD.    
FIBERWEB,FIBERWEB INDIA LIMITED   
FIDEL,FIDEL SOFTECH LIMITED    
FIEMIND,FIEM INDUSTRIES LIMITED  
FILATEX,FILATEX INDIA LTD        
FILATFASH,FILATEX FASHIONS LIMITED 
FINBUD,FINBUD FINANCIAL SERV LTD
FINCABLES,FINOLEX CABLES LTD       
FINEORG,FINE ORGANIC IND. LTD.   
FINKURVE,FINKURVE FINANCIAL SERV L
FINOPB,FINO PAYMENTS BANK LTD   
FINPIPE,FINOLEX INDUSTRIES LTD   
FIRSTCRY,BRAINBEES SOLUTIONS LTD  
FISCHER,FISCHER MEDICAL VENTURE L
FIVESTAR,FIVE-STAR BUS FIN LTD    
FLAIR,FLAIR WRITING INDUST LTD 
FLEXITUFF,FLEXITUFF VENTURES INT L 
FLFL,FUT LIFESTYLE FASH LTD   
FLUOROCHEM,GUJARAT FLUOROCHEM LTD   
FLYSBS,FLYSBS AVIATION LIMITED  
FMGOETZE,FEDERAL-MOGUL GOETZE (IND
FMNL,FUTURE MKT NETWORKS LTD  
FOCE,FOCE INDIA LIMITED       
FOCUS,FOCUS LIGHTG & FIXTRS LTD
FONEBOX,FONEBOX RETAIL LIMITED   
FOODSIN,FOODS & INNS LIMITED     
FORCAS,FORCAS STUDIO LIMITED    
FORCEMOT,FORCE MOTORS LIMITED     
FORGEAUTO,FORGE AUTO INTERNATION L 
FORTIS,FORTIS HEALTHCARE LTD    
FOSECOIND,FOSECO INDIA LTD         
FRACTAL,FRACTAL ANALYTICS LIMITED
FRESHARA,FRESHARA AGRO EXPORTS LTD
FROG,FROG INNOVATIONS LIMITED 
FRONTSP,FRONTIER SPRINGS LTD.    
FSL,FIRSTSOURCE SOLU. LTD.   
FUSION,FUSION FINANCE LIMITED   
FWSTC,FLYWINGS SIMULAT T C LTD 
GABRIEL,GABRIEL INDIA LTD        
GAEL,GUJARAT AMBUJA EXPORTS LT
GAIL,GAIL (INDIA) LTD         
GAJANAND,GAJANAND INTERNATIONAL L 
GALAPREC,GALA PRECISION ENG LTD   
GALAXYSURF,GALAXY SURFACTANTS LTD   
GALLANTT,GALLANTT ISPAT LIMITED   
GANDHAR,GANDHAR OIL REFINE IND L 
GANDHITUBE,GANDHI SPL. TUBES LTD    
GANECOS,GANESHA ECOSPHERE LIMITED
GANESHBE,GANESH BENZOPLAST LIMITED
GANESHCP,GANESH CONSUMER PRODUCT L
GANESHHOU,GANESH HOUSING LIMITED   
GANESHIN,GANESH INFRAWORLD LIMITED
GANGABATH,GANGA BATH FITTINGS LTD  
GANGAFORGE,GANGA FORGING LIMITED    
GANGESSECU,GANGES SECURITIES LIMITED
GARFIBRES,GARWARE TECH FIBRES LTD  
GARUDA,GARUDA CONSTRUCT N ENG L 
GATECH,GACM TECHNOLOGIES LIMITED
GATECHDVR,GACM TECHNOLOGIES LIMITED
GATEWAY,GATEWAY DISTRIPARKS LTD  
GAUDIUMIVF,GAUDIUM IVF N WOMEN H L  
GAYAHWS,GAYATRI HIGHWAYS LIMITED 
GAYAPROJ,GAYATRI PROJECTS LTD     
GCHOTELS,GRAND CONTINENT HOTELS L 
GCSL,GRETEX CORPORATE SERVICES
GEECEE,GEECEE VENTURES LIMITED  
GEEKAYWIRE,GEEKAY WIRES LIMITED     
GEMAROMA,GEM AROMATICS LIMITED    
GENCON,GENERIC ENG CONS PROJ LTD
GENESYS,GENESYS INTL CORPN LTD   
GENESYS-RE,GENESYS INTER CORPORATION
GENSOL,GENSOL ENGINEERING LTD   
GENUSPAPER,GENUS P&B LIMITED        
GENUSPOWER,GENUS POWER INFRASTRU LTD
GENXAI,GENXAI ANALYTICS LIMITED 
GEOJITFSL,GEOJIT FINANCIAL SER L   
GESHIP,THE GE SHPG.LTD          
GFLLIMITED,GFL LIMITED              
GGBL,GANESH GREEN BHARAT LTD  
GHCL,GHCL LIMITED             
GHCLTEXTIL,GHCL TEXTILES LIMITED    
GICHSGFIN,GIC HOUSING FINANCE LTD  
GICL,GLOBE INTL CARRIERS LTD  
GICRE,GENERAL INS CORP OF INDIA
GILLANDERS,GILLANDERS ARBUTHNOT LTD 
GILLETTE,GILLETTE INDIA LTD       
GINNIFILA,GINNIFILAMENTS LTD.      
GIPCL,GUJ IND POW CO. LTD      
GIRIRAJ,GIRIRAJ CIVIL DEVP LTD   
GJL,GROVER JEWELLS LIMITED   
GKENERGY,GK ENERGY LIMITED        
GKSL,GUJARAT KIDNEY N SUP SP L
GKWLIMITED,GKW LIMITED              
GLAND,GLAND PHARMA LIMITED     
GLAXO,GLAXOSMITHKLINE PHARMA LT
GLENMARK,GLENMARK PHARMACEUTICALS 
GLFL,GUJARAT LEASE FINANCING L
GLOBAL,GLOBAL EDUCATION LIMITED 
GLOBALE,GLOBALE TESSILE LIMITED  
GLOBALPET,GLOBAL PET INDUSTRIES LTD
GLOBALVECT,GLOBAL VEC HELICORP LTD  
GLOBE,GLOBE ENTERPRISE (I) LTD 
GLOBECIVIL,GLOBE CIVIL PROJECTS LTD 
GLOBUSSPR,GLOBUS SPIRITS LTD       
GLOSTERLTD,GLOSTER LIMITED          
GLOTTIS,GLOTTIS LIMITED          
GMBREW,G M BREWERIES LTD        
GMDCLTD,GUJARAT MINERAL DEV CORP 
GML,GALAXY MEDICARE LIMITED  
GMMPFAUDLR,GMM PFAUDLER LIMITED     
GMRAIRPORT,GMR AIRPORTS LIMITED     
GMRP&UI,GMR POW AND URBAN INFRA L
GNA,GNA AXLES LIMITED        
GNFC,GUJ NAR VAL FER & CHEM L 
GNRL,GUJARAT NATURAL RES L    
GOACARBON,GOA CARBON LIMITED       
GOCLCORP,GOCL CORPORATION LIMITED 
GOCOLORS,GO FASHION INDIA LTD     
GODAVARIB,GODAVARI BIOREFINERIES L 
GODFRYPHLP,GODFREY PHILLIPS INDIA LT
GODIGIT,GO DIGIT GENERAL INS LTD 
GODREJAGRO,GODREJ AGROVET LIMITED   
GODREJCP,GODREJ CONSUMER PRODUCTS 
GODREJIND,GODREJ INDUSTRIES LTD    
GODREJPROP,GODREJ PROPERTIES LTD    
GOKEX,GOKALDAS EXPORTS LTD.    
GOKUL,GOKUL REFOILS & SOLV LTD 
GOKULAGRO,GOKUL AGRO RESOURCES LTD 
GOLDENTOBC,GOLDEN TOBACCO LIMITED   
GOLDIAM,GOLDIAM INTERNATIONAL LTD
GOLDKART,GOLDKART JEWELS LIMITED  
GOLDSTAR,GOLDSTAR POWER LIMITED   
GOLDTECH,AION-TECH SOLUTIONS LTD  
GOODLUCK,GOODLUCK INDIA LIMITED   
GOODYEAR,GOODYEAR INDIA LIMITED   
GOPAL,GOPAL SNACKS LIMITED     
GOYALALUM,GOYAL ALUMINIUMS LIMITED 
GOYALSALT,GOYAL SALT LIMITED       
GPECO,GP ECO SOLUTIONS INDIA L 
GPIL,GODAWARI POW & ISP LTD   
GPPL,GUJARAT PIPAVAV PORT LTD 
GPTHEALTH,GPT HEALTHCARE LIMITED   
GPTINFRA,GPT INFRAPROJECTS LTD    
GRADIENTE,GRADIENTE INFOTAINMENT L 
GRANDOAK,GRAND OAK CANYONS DIST L 
GRANULES,GRANULES INDIA LIMITED   
GRAPHISAD,GRAPHISADS LIMITED       
GRAPHITE,GRAPHITE INDIA LTD       
GRASIM,GRASIM INDUSTRIES LTD    
GRAUWEIL,GRAUER & WEIL IND LTD    
GRAVISSHO,GRAVISS HOSPITALITY LTD. 
GRAVITA,GRAVITA INDIA LIMITED    
GRCL,GAYATRI RUBB AND CHEM LTD
GREAVESCOT,GREAVES COTTON LTD.      
GREENCHEF,GREENCHEF APPLIANCES LTD 
GREENLAM,GREENLAM INDUSTRIES LTD. 
GREENLEAF,GREENLEAF ENVIROTECH LTD 
GREENPANEL,GREENPANEL INDUSTRIES LTD
GREENPLY,GREENPLY INDUSTRIES LTD  
GREENPOWER,ORIENT GREEN POWER CO LTD
GRETEX,GRETEX INDUSTRIES LTD.   
GRINDWELL,GRINDWELL NORTON LIMITED 
GRINFRA,G R INFRAPROJECTS LIMITED
GRMOVER,GRM OVERSEAS LIMITED     
GROBTEA,THE GROB TEA COMPANY LTD 
GROWW,BILLIONBRAINS GARAGE VN L
GRPLTD,GRP LIMITED              
GRSE,GARDEN REACH SHIP&ENG LTD
GRWRHITECH,GARWARE HI-TECH FILMS LTD
GSFC,GUJ STATE FERT & CHEM LTD
GSLSU,GLOBAL SURFACES LIMITED  
GSMFOILS,GSM FOILS LIMITED        
GSPCROP,GSP CROP SCIENCE LIMITED 
GSS,GSS INFOTECH LIMITED     
GSTL,GLOBESECURE TECHNO LTD   
GTECJAINX,G-TEC JAINX EDUCATION LTD
GTL,GTL LTD                  
GTLINFRA,GTL INFRA.LTD            
GTPL,GTPL HATHWAY LIMITED     
GUFICBIO,GUFIC BIOSCIENCES LTD.   
GUJALKALI,GUJARAT ALKALIES & CHEM  
GUJAPOLLO,GUJ. APOLLO IND. LTD.    
GUJENERGY,GUJARAT ENERGY LIMITED   
GUJRAFFIA,GUJARAT RAFFIA INDUST LTD
GUJTHEM,GUJARAT THEMIS BIOSYN LTD
GULFOILLUB,GULF OIL LUB. IND. LTD.  
GULFPETRO,GP PETROLEUMS LIMITED    
GULPOLY,GULSHAN POLYOLS LIMITED  
GURUNANAK,GURUNANAK AGRICULTUR IN L
GVKPIL,GVK POW. & INFRA LTD.    
GVPIL,GE POWER INDIA LIMITED   
GVPTECH,GVP INFOTECH LIMITED     
GVT&D,GE VERNOVA T&D INDIA LTD 
GYFTR,GYFTR LIMITED            
HAL,HINDUSTAN AERONAUTICS LTD
HALDER,HALDER VENTURE LIMITED   
HALDYNGL,HALDYN GLASS LTD.        
HALEOSLABS,HALEOS LABS LIMITED      
HAPPSTMNDS,HAPPIEST MINDS TECHNO LTD
HAPPY,HAPPY STEELS LIMITED     
HAPPYFORGE,HAPPY FORGINGS LIMITED   
HARDWYN,HARDWYN INDIA LIMITED    
HARIOMPIPE,HARIOM PIPE INDUSTRIES L 
HARRMALAYA,HARRISON MALAYALAM LTD   
HARSHA,HARSHA ENGINEERS INT LTD 
HATHWAY,HATHWAY CABLE & DATACOM  
HATSUN,HATSUN AGRO PRODUCT LTD. 
HAVELLS,HAVELLS INDIA LIMITED    
HAVISHA,SRI HAVISHA HOSP & INFR L
HAWKINCOOK,HAWKINS COOKERS LTD      
HBESD,H B ESTATE DEVELOPERS L  
HBLENGINE,HBL ENGINEERING LTD      
HBSL,HB STOCKHOLDINGS LIMITED 
HCC,HINDUSTAN CONSTRUCTION CO
HCG,HEALTHCARE GLOB. ENT. LTD
HCL-INSYS,HCL INFOSYSTEMS LTD      
HCLTECH,HCL TECHNOLOGIES LTD     
HDBFS,HDB FINANCIAL SERVICES L 
HDFCAMC,HDFC AMC LIMITED         
HDFCBANK,HDFC BANK LTD            
HDFCLIFE,HDFC LIFE INS CO LTD     
HDIL,HOUSING DEV & INFRA LTD  
HEADSUP,HEADS UP VENTURES LIMITED
HEALTHX,HEALTH X PLATFORM LIMITED
HECPROJECT,HEC INFRA PROJECTS LTD   
HEG,HEG LTD                  
HEIDELBERG,HEIDELBERGCEMENT (I) LTD 
HEMIPROP,HEMISPHERE PROP IND LTD  
HERANBA,HERANBA INDUSTRIES LTD   
HERITGFOOD,HERITAGE FOODS LTD       
HEROMOTOCO,HERO MOTOCORP LIMITED    
HESTERBIO,HESTER BIOSCIENCES LTD   
HEXAGON,HEXAGON NUTRITION LIMITED
HEXATRADEX,HEXA TRADEX LIMITED      
HEXT,HEXAWARE TECHNOLOGIES LTD
HFCL,HFCL LIMITED             
HGINFRA,H.G.INFRA ENGINEERING LTD
HGM,HANDSON GBL MNGMNT LTD   
HGS,HINDUJA GLOBAL SOLS. LTD.
HIGREEN,HI GREEN CARBON LIMITED  
HIKAL,HIKAL LIMITED            
HILINFRA,HIGHWAY INFRASTRUCTURE L 
HILTON,HILTON METAL FORGING LTD 
HIMATSEIDE,HIMATSINGKA SEIDE LTD    
HINDALCO,HINDALCO  INDUSTRIES  LTD
HINDCOMPOS,HINDUSTAN COMPOSITES LTD.
HINDCON,HINDCON CHEMICALS LIMITED
HINDCOPPER,HINDUSTAN COPPER LTD     
HINDOILEXP,HINDUSTAN OIL EXPLORATION
HINDPETRO,HINDUSTAN PETROLEUM CORP 
HINDUNILVR,HINDUSTAN UNILEVER LTD.  
HINDWAREAP,HINDWARE HME INOVATON LTD
HINDZINC,HINDUSTAN ZINC LIMITED   
HIRECT,HIND RECTIFIER LIMITED   
HISARMETAL,HISAR METAL IND. LIMITED 
HITECH,HI-TECH PIPES LIMITED    
HITECHCORP,HITECH CORPORATION LTD   
HITECHGEAR,THE HI-TECH GEARS LIMITED
HLEGLAS,HLE GLASCOAT LIMITED     
HLVLTD,HLV LIMITED              
HMAAGRO,HMA AGRO INDUSTRIES LTD  
HMT,HMT LTD -                
HMVL,HINDUSTAN MEDIA VENT LTD 
HNDFDS,HINDUSTAN FOODS LIMITED  
HOACFOODS,HOAC FOODS INDIA LIMITED 
HOLMARC,HOLMARC OPTO MECHATRO L  
HOMEFIRST,HOME FIRST FIN CO IND LTD
HOMESFY,HOMESFY REALTY LIMITED   
HONASA,HONASA CONSUMER LIMITED  
HONAUT,HONEYWELL AUTOMATION IND 
HONDAPOWER,HONDA I POWER PRODUCT LTD
HPAL,HP ADHESIVES LIMITED     
HPIL,HINDPRAKASH INDUSTRY LTD 
HPL,HPL ELECTRIC & POWER LTD 
HPTL,HP TELECOM INDIA LIMITED 
HRHNEXT,HRH NEXT SERVICES LIMITED
HSCL,HIMADRI SPECIALITY CHEM L
HTMEDIA,HT MEDIA LIMITED         
HUBTOWN,HUBTOWN LIMITED          
HUDCO,HSG & URBAN DEV CORPN LTD
HUHTAMAKI,HUHTAMAKI INDIA LIMITED  
HVAX,HVAX TECHNOLOGIES LIMITED
HYBRIDFIN,HYBRID FINANCIAL SERVICE 
HYUNDAI,HYUNDAI MOTOR INDIA LTD  
IBLFL,IBL FINANCE LIMITED      
IBULLSLTD,INDIABULLS LIMITED       
ICDSLTD,ICDS LTD                 
ICELCO,IC ELECTRICALS COMPANY L 
ICEMAKE,ICE MAKE REFRIGERAT LTD  
ICICIAMC,ICICI PRUDENTIAL AMC LTD 
ICICIBANK,ICICI BANK LTD.          
ICICIGI,ICICI LOMBARD GIC LIMITED
ICICIPRULI,ICICI PRU LIFE INS CO LTD
ICIL,INDO COUNT INDUSTRIES LTD
ICRA,ICRA LIMITED             
IDBI,IDBI BANK LIMITED        
IDEA,VODAFONE IDEA LIMITED    
IDEAFORGE,IDEAFORGE TECHNO LTD     
IDEALTECHO,IDEAL TECHNOPLAST IND LTD
IDENTICAL,IDENTICAL BRAINS STUDIO L
IDFCFIRSTB,IDFC FIRST BANK LIMITED  
IEML,INDIAN EMULSIFIERS LTD   
IEX,INDIAN ENERGY EXC LTD    
IFBAGRO,IFB AGRO INDUSTRIES LTD  
IFBIND,IFB INDUSTRIES LTD       
IFCI,IFCI LTD                 
IFGLEXPOR,IFGL REFRACTORIES LIMITED
IGARASHI,IGARASHI MOTORS INDIA LTD
IGCL,INDOGULF CROPSCIENCES LTD
IGIL,INTL GEMOLOGICAL INST LTD
IGL,INDRAPRASTHA GAS LTD     
IGPL,I G PETROCHEMICALS LTD   
IIFL,IIFL FINANCE LIMITED     
IIFLCAPS,IIFL CAPITAL SERVICES LTD
IITL,INDUSTRIAL INV TRUST LTD 
IKIO,IKIO TECHNOLOGIES LIMITED
IKS,INVENTURUS KNOWLEDGE SO L
IL&FSENGG,IL&FS ENG AND CONS CO LTD
IL&FSTRANS,IL&FS TRANS NET LTD      
IMAGICAA,IMAGICAAWORLD ENT LTD    
IMFA,INDIAN METALS & FERRO    
IMPAL,IND MOTOR PART & ACC LTD 
IMPEXFERRO,IMPEX FERRO TECH LIMITED 
INA,INSOLATION ENERGY LIMITED
INCREDIBLE,INCREDIBLE INDUSTRIES LTD
INDBANK,INDBANK MERCH BANK       
INDGN,INDEGENE LIMITED         
INDHOTEL,THE INDIAN HOTELS CO. LTD
INDIACEM,THE INDIA CEMENTS LIMITED
INDIAGLYCO,INDIA GLYCOLS LTD        
INDIAMART,INDIAMART INTERMESH LTD  
INDIANB,INDIAN BANK              
INDIANCARD,INDIAN CARD CLOTHING CO. 
INDIANHUME,INDIAN HUME PIPE CO. LTD.
INDIASHLTR,INDIA SHELTER FIN CORP L 
INDIFRA,INDIFRA LIMITED          
INDIGO,INTERGLOBE AVIATION LTD  
INDIGOPNTS,INDIGO PAINTS LIMITED    
INDIGRID,INDIGRID INFRASTRUCT TRST
INDIQUBE,INDIQUBE SPACES LIMITED  
INDNIPPON,INDIA NIPPON ELECT  LTD  
INDOAMIN,INDO AMINES LIMITED      
INDOBORAX,INDO BORAX & CHEMICAL LTD
INDOCO,INDOCO REMEDIES LTD.     
INDOFARM,INDO FARM EQUIPMENT LTD  
INDOMIM,INDO-MIM LIMITED         
INDORAMA,INDO RAMA SYNTHETICS LTD 
INDOSTAR,INDOSTAR CAPITAL FIN LTD 
INDOTECH,INDO TECH TRANSFORM LTD. 
INDOTHAI,INDO THAI SEC LTD        
INDOUS,INDO US BIOTECH LTD      
INDOWIND,INDOWIND ENERGY LTD      
INDPRUD,INDUSTRIAL & PRU INV CO L
INDRAMEDCO,INDRAPRASTHA MEDICAL CORP
INDSWFTLAB,IND SWIFT LABORATORIES LT
INDTERRAIN,IND TERRAIN FASHIONS LTD 
INDUSINDBK,INDUSIND BANK LIMITED    
INDUSINVIT,INDUS INFRA TRUST        
INDUSTOWER,INDUS TOWERS LIMITED     
INFINIUM,INFINIUM PHARMACHEM LTD  
INFLUX,INFLUX HEALTHTECH LIMITED
INFOBEAN,INFOBEANS TECHNO. LTD.   
INFOLLION,INFOLLION RESEARCH SER L 
INFOMEDIA,INFOMEDIA PRESS LIMITED  
INFY,INFOSYS LIMITED          
INGERRAND,INGERSOLL-RAND INDIA LTD 
INM,INTERIORS & MORE LIMITED 
INNOMET,INNOMET ADVANCED MATERI L
INNOVACAP,INNOVA CAPTAB LIMITED    
INNOVANA,INNOVANA THINKLABS LTD   
INNOVISION,INNOVISION LIMITED       
INOXGREEN,INOX GREEN ENERGY SER LTD
INOXINDIA,INOX INDIA LIMITED       
INOXWIND,INOX WIND LIMITED        
INSECTICID,INSECTICIDES (I) LTD     
INSPIRE,INSPIRE FILMS LIMITED    
INSPIRISYS,INSPIRISYS SOLUTIONS LTD 
INTEGRITY,INTEGRITY INFRABUILD DE L
INTELLECT,INTELLECT DESIGN ARENA   
INTENTECH,INTENSE TECHNOLOGIES LTD 
INTERARCH,INTERARCH BLDNG SOLTN LTD
INTERISE,INTERISE TRUST           
INTLCONV,INTL CONVEYORS LIMITED   
INVENTURE,INVENTURE GRO & SEC LTD  
INVICTA,INVICTA DIAGNOSTIC LTD   
INVPRECQ,INVESTMENT & PREC CAST L 
IOB,INDIAN OVERSEAS BANK     
IOC,INDIAN OIL CORP LTD      
IOLCP,IOL CHEM AND PHARMA LTD  
IONEXCHANG,ION EXCHANGE (INDIA) LTD 
IPCALAB,IPCA LABORATORIES LTD    
IPHL,INDIAN PHOSPHATE LIMITED 
IPL,INDIA PESTICIDES LIMITED 
IPSL,INTEGRATED PERSO SER LTD 
IRB,IRB INFRA DEV LTD.       
IRBINVIT,IRB INVIT FUND           
IRBIT,IRB INFRASTRUCTURE TRUST 
IRCON,IRCON INTERNATIONAL LTD  
IRCTC,INDIAN RAIL TOUR CORP LTD
IREDA,INDIAN RENEWABLE ENERGY  
IRFC,INDIAN RAILWAY FIN CORP L
IRIS,IRIS REGTECH SOLUTION LTD
IRISDOREME,IRIS CLOTHINGS LIMITED   
IRMENERGY,IRM ENERGY LIMITED       
ISFT,INTRASOFT TECH. LTD      
ISGEC,ISGEC HEAVY ENG LTD      
ISHAN,ISHAN INTERNATIONAL LTD  
ISHANCH,ISHAN DYES N CHEMICALS L 
ITALIANE,ITALIAN EDIBLES LIMITED  
ITC,ITC LTD                  
ITCHOTELS,ITC HOTELS LIMITED       
ITDC,INDIA TOUR. DEV. CO. LTD.
ITI,ITI LTD                  
ITTL,INNOVATIVE TYRE & TUBE LT
IVALUE,IVALUE INFOSOLUTIONS LTD 
IVC,IL&FS INVESTMENT MANAGERS
IVP,IVP LIMITED              
IWARE,IWARE SUPPLYCHAIN SER LTD
IWP,INDIAN WOOD PRODUCTS CO L
IXIGO,LE TRAVENUES TECHNOLOGY L
IZMO,IZMO LIMITED             
J&KBANK,J & K BANK LTD.          
JAGRAN,JAGRAN PRAKASHAN LIMITED 
JAGSNPHARM,JAGSONPAL PHARMACEUTICALS
JAIBALAJI,JAI BALAJI INDUSTRIES LTD
JAICORPLTD,JAI CORP LIMITED         
JAINAM,JAINAM FER ALLOYS (I) LTD
JAINIK,JAINIK POWER CABLES LTD  
JAINREC,JAIN RESOURCE RECYCLING L
JAIPURKURT,NANDANI CREATION LIMITED 
JAKHARIA,JAKHARIA FABRIC LIMITED  
JALAN,JALAN TRANSOLU. INDIA LTD
JAMNAAUTO,JAMNA AUTO IND LTD       
JARO,JARO INS OF TEC MG N RE L
JASH,JASH ENGINEERING LIMITED 
JAYAGROGN,JAYANT AGRO ORGANICS LTD 
JAYBARMARU,JAY BHARAT MARUTI LTD    
JAYBEE,JAY BEE LAMINATIONS LTD  
JAYESH,JAYESH LOGISTICS LIMITED 
JAYKAY,JAYKAY ENTERPRISES LTD   
JAYNECOIND,JAYASWAL NECO INDUSTR LTD
JAYSREETEA,JAYSHREE TEA & INDUSTRIES
JBMA,JBM AUTO LIMITED         
JETFREIGHT,JET FREIGHT LOGISTICS LTD
JETKNIT,JET KNITWEARS LTD.       
JEYYAM,JEYYAM GLOBAL FOODS LTD  
JFLLIFE,JFL LIFE SCIENCES LIMITED
JGCHEM,J.G.CHEMICALS LIMITED    
JHS,JHS SVEND. LAB. LTD      
JINDALPHOT,JINDAL PHOTO LIMITED     
JINDALPOLY,JINDAL POLY FILMS LIMITED
JINDALSAW,JINDAL SAW LIMITED       
JINDALSTEL,JINDAL STEEL LIMITED     
JINDRILL,JINDAL DRILLING IND. LTD 
JINDWORLD,JINDAL WORLDWIDE LTD     
JIOFIN,JIO FIN SERVICES LTD     
JISLDVREQS,JAIN DVR EQUITY SHARES   
JISLJALEQS,JAIN IRRIGATION SYSTEMS  
JITFINFRA,JITF INFRALOGISTICS LTD  
JIWANRAM,JIWANRAM SHEODUTTRA IND L
JKCEMENT,JK CEMENT LIMITED        
JKIL,JKUMAR INFR.LTD.         
JKIPL,JINKUSHAL INDUSTRIES LTD 
JKLAKSHMI,JK LAKSHMI CEMENT LTD    
JKPAPER,JK PAPER LIMITED         
JKTYRE,JK TYRE & INDUSTRIES LTD 
JLHL,JUPITER LIFE LINE HOSP L 
JMA,JULLUNDUR MOT AGENCY LTD 
JMFINANCIL,JM FINANCIAL LIMITED     
JNKINDIA,JNK INDIA LIMITED        
JNPR,JUNIPER GREEN ENERGY LTD 
JOCIL,JOCIL LIMITED            
JPOLYINVST,JIND POL INV & FIN CO LTD
JPPOWER,JAIPRAKASH POWER VEN. LTD
JSFB,JANA SMALL FIN BANK LTD  
JSL,JINDAL STAINLESS LIMITED 
JSLL,JEENA SIKHO LIFECARE LTD 
JSWCEMENT,JSW CEMENT LIMITED       
JSWDULUX,JSW DULUX LIMITED        
JSWENERGY,JSW ENERGY LIMITED       
JSWHL,JSW HOLDINGS LIMITED     
JSWINFRA,JSW INFRASTRUCTURE LTD   
JSWSTEEL,JSW STEEL LIMITED        
JTEKTINDIA,JTEKT INDIA LIMITED      
JTLIND,JTL INDUSTRIES LIMITED   
JUBLCPL,JUBILANT AGRI N CON PRO L
JUBLFOOD,JUBILANT FOODWORKS LTD   
JUBLINGREA,JUBILANT INGREVIA LIMITED
JUBLPHARMA,JUBILANT PHARMOVA LTD    
JUNIPER,JUNIPER HOTELS LIMITED   
JUSTDIAL,JUSTDIAL LTD.            
JWL,JUPITER WAGONS LIMITED   
JYOTHYLAB,JYOTHY LABS LIMITED      
JYOTICNC,JYOTI CNC AUTOMATION LTD 
JYOTIGLOBL,JYOTI GLOBAL PLAST LTD   
JYOTISTRUC,JYOTI STRUCTURES LTD     
K2INFRA,K2 INFRAGEN LIMITED      
KABRAEXTRU,KABRA EXTRUSION TECHNIK L
KAJARIACER,KAJARIA CERAMICS LTD     
KAKATCEM,KAKATIYA CEM SUGAR &IND L
KALAMANDIR,SAI SILKS (KALAMANDIR) L 
KALANA,KALANA ISPAT LIMITED     
KALPATARU,KALPATARU LIMITED        
KALYANI,KALYANI COMMERCIALS LTD  
KALYANIFRG,KALYANI FORGE LIMITED    
KALYANKJIL,KALYAN JEWELLERS IND LTD 
KAMAHOLD,KAMA HOLDINGS LTD.       
KAMATHOTEL,KAMAT HOTELS (I) LTD     
KAMDHENU,KAMDHENU LIMITED         
KAMOPAINTS,KAMDHENU VENTURES LIMITED
KANANIIND,KANANI INDUSTRIES LTD    
KANCHI,KANCHI KARPOORAM LTD.    
KANDARP,KANDARP DG SMART BPO LTD 
KANORICHEM,KANORIACHEMICALS-        
KANPRPLA,KANPUR PLASTIPACK LIMITED
KANSAINER,KANSAI NEROLAC PAINTS LTD
KAPSTON,KAPSTON SERVICES LIMITED 
KARMAENG,KARMA ENERGY LIMITED     
KARNIKA,KARNIKA INDUSTRIES LTD   
KARURVYSYA,KARUR VYSYA BANK LTD     
KATARIA,KATARIA INDUSTRIES LTD   
KAUSHALYA,KAUSHALYA INFRA DEV LTD. 
KAVDEFENCE,KAVVERI DFS & WIR TEC LTD
KAYA,KAYA LIMITED             
KAYNES,KAYNES TECHNOLOGY IND LTD
KAYTEX,KAYTEX FABRICS LIMITED   
KCEIL,KAY CEE ENERGY & INFRA L 
KCK,KCK INDUSTRIES LTD       
KCP,KCP LTD                  
KCPSUGIND,KCPSUGARINDUS            
KDDL,KDDL LIMITED             
KDL,KORE DIGITAL LIMITED     
KEC,KEC INTL. LIMITED        
KECL,KIRLOSKAR ELECTRIC CO LTD
KEEPLEARN,DSJ KEEP LEARNING LTD    
KEI,KEI INDUSTRIES LTD.      
KELLTONTEC,KELLTON TECH SOL LTD     
KEN,KEN ENTERPRISES LIMITED  
KENNAMET,KENNAMETAL INDIA LIMITED 
KERNEX,KERNEX MICROSYS(I) LTD   
KESORAMIND,KESORAM INDUSTRIES LTD   
KEYFINSERV,KEYNOTE FIN SERV LTD.    
KFINTECH,KFIN TECHNOLOGIES LIMITED
KHADIM,KHADIM INDIA LIMITED     
KHAICHEM,KHAITAN CHEM & FERT LTD  
KHAITANLTD,KHAITAN (INDIA)LTD.      
KHANDSE,KHANDWALA SECURITIES LTD 
KHFM,KHFM HOS FAC MANA SER LTD
KICL,KALYANI INVEST CO LTD    
KILITCH,KILITCH DRUGS INDIA LTD  
KIMS,KRISHNA INST OF MED SCI L
KINGFA,KINGFA SCI & TEC IND LTD.
KIOCL,KIOCL LIMITED            
KIRANVYPAR,KIRAN VYAPAR LTD.        
KIRIINDUS,KIRI INDUSTRIES LIMITED  
KIRLFER,KIRLOSKAR FERROUS IND LTD
KIRLOSBROS,KIRLOSKAR BROTHERS LTD   
KIRLOSENG,KIRLOSKAR OIL ENG LTD    
KIRLOSIND,KIRLOSKAR INDUSTRIES LTD 
KIRLPNU,KIRLOSKAR PNEUMATIC COM L
KISSHT,ONEMI TECHNOLOGY SOL LTD 
KITEX,KITEX GARMENTS LTD       
KKCL,KEWAL KIRAN CLOTHING LTD 
KKJEWELS,KABRA JEWELS LIMITED     
KKVAPOW,KKV AGRO POWERS LTD.     
KLBRENG-B,KILBURN ENGINEERING LTD. 
KLL,KAUSHALYA LOGISTICS LTD  
KMEW,KNOWLEDGE MARINE & EN W L
KMSUGAR,K M SUGAR MILLS LTD      
KNACK,KNACK PACKAGING LIMITED  
KNAGRI,KN AGRI RESOURCES LIMITED
KNRCON,KNR CONSTRU LTD.         
KODYTECH,KODY TECHNOLAB LIMITED   
KOHINOOR,KOHINOOR FOODS LIMITED   
KOKUYOCMLN,KOKUYO CAMLIN LIMITED    
KOLTEPATIL,KOLTE PATIL DEV. LTD.    
KONSTELEC,KONSTELEC ENGINEERS LTD  
KONTOR,KONTOR SPACE LIMITED     
KOPRAN,KOPRAN LTD               
KORE,JAY JALARAM TECHNO LTD   
KOTAKBANK,KOTAK MAHINDRA BANK LTD  
KOTARISUG,KOTHARI SUG & CHEM LTD.  
KOTHARIPET,KOTHARI PETROCHEM LTD    
KOTHARIPRO,KOTHARI PRODUCTS LTD     
KOTIC,KOTHARI INDUSTRIAL CORP L
KOTYARK,KOTYARK INDUSTRIES LTD   
KOVAI,KOVAI MEDICAL CENTER & HO
KPEL,K.P. ENERGY LIMITED      
KPIGREEN,KPI GREEN ENERGY LIMITED 
KPIL,KALPATARU PROJECT INT LTD
KPITTECH,KPIT TECHNOLOGIES LIMITED
KPL,KWALITY PHARMACEUTICALS L
KPRMILL,KPR MILL LTD.            
KRBL,KRBL LIMITED             
KREBSBIO,KREBS BIOCHEMICALS & IND 
KRIDHANINF,KRIDHAN INFRA LIMITED    
KRISHANA,KRISHANA PHOSCHEM LIMITED
KRISHCA,KRISHCA STRAPPING SLTN L 
KRISHIVAL,KRISHIVAL FOODS LIMITED  
KRISHNADEF,KRISHNA DEF AND ALD IND L
KRITI,KRITI INDUSTRIES IND LTD 
KRITIKA,KRITIKA WIRES LIMITED    
KRITINUT,KRITI NUTRIENTS LIMITED  
KRMAYURVED,KRM AYURVEDA LIMITED     
KRN,KRN HEAT EXCHANGE N REF L
KRONOX,KRONOX LAB SCIENCES LTD  
KROSS,KROSS LIMITED            
KRSNAA,KRSNAA DIAGNOSTICS LTD   
KRT,KNOWLEDGE REALTY TRUST   
KRYSTAL,KRYSTAL INTEGRATED SER L 
KSB,KSB LIMITED              
KSCL,KAVERI SEED CO. LTD.     
KSHINTL,KSH INTERNATIONAL LIMITED
KSHITIJPOL,KSHITIJ POLYLINE LIMITED 
KSL,KALYANI STEELS LIMITED   
KSOLVES,KSOLVES INDIA LIMITED    
KSR,KSR FOOTWEAR LIMITED     
KTKBANK,KARNATAKA BANK LIMITED   
KUANTUM,KUANTUM PAPERS LIMITED   
KUSUMGAR,KUSUMGAR LIMITED         
KWIL,KWALITY WALL'S (INDIA) L 
LAGNAM,LAGNAM SPINTEX LIMITED   
LAHOTIOV,LAHOTI OVERSEAS LTD.     
LAKPRE,LAKSHMI PRE SCRE LTD     
LAKSHYA,LAKSHYA POWERTECH LIMITED
LAL,LORENZINI APPARELS LTD   
LALPATHLAB,DR. LAL PATH LABS LTD.   
LAMBODHARA,LAMBODHARA TEXTILES LTD. 
LAMOSAIC,LAMOSAIC INDIA LIMITED   
LANCORHOL,LANCOR HOLDINGS LIMITED  
LANDMARK,LANDMARK CARS LIMITED    
LANDSMILL,LANDSMILL GREEN LIMITED  
LAOPALA,LA OPALA RG LIMITED      
LASA,LASA SUPERGENERICS LTD   
LASERPOWER,LASER POWER & INFRA LTD  
LATENTVIEW,LATENT VIEW ANALYTICS LTD
LATTEYS,LATTEYS INDUSTRIES LTD   
LAURUSLABS,LAURUS LABS LIMITED      
LAXMICOT,LAXMI COTSPIN LIMITED    
LAXMIDENTL,LAXMI DENTAL LIMITED     
LAXMIINDIA,LAXMI INDIA FINANCE LTD  
LCCINFOTEC,LCC INFOTECH LTD         
LCL,LOHIA CORP LIMITED       
LEAPIND,LEAP INDIA LIMITED       
LEMERITE,LE MERITE EXPORTS LIMITED
LEMONTREE,LEMON TREE HOTELS LTD    
LENSKART,LENSKART SOLUTIONS LTD   
LEXUS,LEXUS GRANITO (INDIA) LTD
LFIC,LAKSHMI FIN IND CORP LTD 
LGBBROSLTD,LG BALAKRISHNAN & BROS   
LGEINDIA,LG ELECTRONICS INDIA LTD 
LGHL,LAXMI GOLDORNA HOUSE LTD 
LIBAS,LIBAS CONSU PRODUCTS LTD 
LIBERTSHOE,LIBERTY SHOES LTD        
LICHSGFIN,LIC HOUSING FINANCE LTD  
LICI,LIFE INSURA CORP OF INDIA
LIKHITHA,LIKHITHA INFRASTRUC LTD  
LINC,LINC LIMITED             
LINCOLN,LINCOLN PHARMA LTD       
LINDEINDIA,LINDE INDIA LIMITED      
LLOYDS,LLOYDS LUXURIES LIMITED  
LLOYDSENGG,LLOYDS ENGG WORK LIMITED 
LLOYDSENT,LLOYDS ENTERPRISES LTD   
LLOYDSME,LLOYDS METALS N ENERGY L 
LMW,LMW LIMITED              
LODHA,LODHA DEVELOPERS LIMITED 
LOKESHMACH,LOKESH MACHINES LTD      
LORDSCHLO,LORDS CHLORO ALKALI LTD  
LOTUSDEV,SRI LOTUS DEVLPRS N RTY L
LOTUSEYE,LOTUS EYE HOSP & INST L  
LOVABLE,LOVABLE LINGERIE LTD     
LOYALTEX,LOYAL TEXTILE MILLS LTD  
LPDC,LANDMARK PR.DEV.CO.LTD   
LRRPL,LEAD REC AND RUB PROD LTD
LT,LARSEN & TOUBRO LTD.     
LTF,L&T FINANCE LIMITED      
LTFOODS,LT FOODS LIMITED         
LTM,LTM LIMITED              
LTTS,L&T TECHNOLOGY SER. LTD. 
LUMAXIND,LUMAX INDUSTRIES LTD     
LUMAXTECH,LUMAX AUTO TECH LTD      
LUPIN,LUPIN LIMITED            
LUXIND,LUX INDUSTRIES LIMITED   
LXCHEM,LAXMI ORGANIC INDUS LTD  
LYKALABS,LYKA LABS LTD.           
M&M,MAHINDRA & MAHINDRA LTD  
M&MFIN,M&M FIN. SERVICES LTD    
MAANALU,MAAN ALUMINIUM LIMITED   
MACOBSTECH,MACOBS TECHNOLOGIES LTD  
MACPOWER,MACPOWER CNC MACHINES LTD
MADHAV,MADHAV MARBLE & GRANITE  
MADHAVBAUG,VAIDYA SANE AYUR LAB LTD 
MADHAVIPL,MADHAV INFRA PROJECTS L  
MADHUCON,MADHUCON PROJECTS LTD.   
MADHUSUDAN,MADHUSUDAN MASALA LIMITED
MADRASFERT,MADRAS FERTILISERS LTD   
MAFATIND,MAFATLAL INDUSTRIES LTD. 
MAGADSUGAR,MAGADH SUGAR & ENERGY LTD
MAGNUM,MAGNUM VENTURES LTD.     
MAGSON,MAGSON RETAIL AND DIST L 
MAHABANK,BANK OF MAHARASHTRA      
MAHAPEXLTD,MAHA RASHTRA APEX COPR. L
MAHASTEEL,MAHAMAYA STEEL INDS LTD  
MAHEPC,MAHINDRA EPC IRRIG LTD   
MAHESHWARI,MAHESHWARI LOGISTICS LTD.
MAHICKRA,MAHICKRA CHEMICAL LIMITED
MAHLIFE,MAHINDRA LIFESPACE DEVLTD
MAHLOG,MAHINDRA LOGISTIC LIMITED
MAHSCOOTER,MAHARASHTRA SCOOTERS LTD 
MAHSEAMLES,MAHARASHTRA SEAMLESS LTD 
MAITHANALL,MAITHAN ALLOYS LTD       
MAITREYA,MAITREYA MEDICARE LIMITED
MAJESAUT,MAJESTIC AUTO LTD.       
MAKS,MAKS ENERGY SOL INDIA LTD
MAL,MANGALAM ALLOYS LIMITED  
MALLCOM,MALLCOM (INDIA) LIMITED  
MALUPAPER,MALU PAPER MILLS LIMITED 
MAMATA,MAMATA MACHINERY LIMITED 
MANAKALUCO,MANAK ALUMINIUM CO. LTD. 
MANAKCOAT,MAN COAT METAL & IND LTD 
MANAKSIA,MANAKSIA LTD.            
MANAKSTEEL,MANAKSIA STEELS LTD      
MANALIPETC,MANALI PETROCHEMICALS LT 
MANAPPURAM,MANAPPURAM FINANCE LTD   
MANAV,MANAV INFRA PROJECTS LTD 
MANBA,MANBA FINANCE LIMITED    
MANCREDIT,MANGAL CREDIT N FINCORP L
MANDEEP,MANDEEP AUTO INDUSTRIES L
MANGALAM,MANGALAM DRUG & CHEM LTD 
MANGLMCEM,MANGALAM CEMENT LTD      
MANILAM,MANILAM INDUSTRIES IND L 
MANINDS,MAN INDUSTRIES (I) LTD.  
MANINFRA,MAN INFRA LTD            
MANIPALHOS,MANIPAL HEALTH ENTERPRI L
MANKIND,MANKIND PHARMA LIMITED   
MANOMAY,MANOMAY TEX INDIA LTD    
MANORAMA,MANORAMA INDUSTRIES LTD  
MANORG,MANGALAM ORGANICS LIMITED
MANUGRAPH,MANUGRAPH INDIA LIMITED  
MANYAVAR,VEDANT FASHIONS LIMITED  
MAPMYINDIA,C.E. INFO SYSTEMS LIMITED
MARALOVER,MARAL OVERSEAS LTD       
MARATHON,MARATHON NXTGEN REALT LTD
MARC,MARC TECHNOCRATS LIMITED 
MARCO,MARCO CABLE & CONDUCTOR L
MARICO,MARICO LIMITED           
MARINE,MARINE ELECTRICAL (I) LTD
MARINETRAN,MARINETRANS INDIA LIMITED
MARKOLINES,MARKOLINES PAVEMENT TEC L
MARKSANS,MARKSANS PHARMA LIMITED  
MARSONS,MARSONS LIMITED          
MARUSHIKA,MARUSHIKA TECHNOLOGY LTD 
MARUTI,MARUTI SUZUKI INDIA LTD. 
MASFIN,MAS FINANCIAL SERV LTD   
MASKINVEST,MASK INVESTMENTS LIMITED 
MASON,MASON INFRATECH LIMITED  
MASTEK,MASTEK LTD               
MASTER,MASTER COMPONENTS LIMITED
MASTERTR,MASTER TRUST LIMITED     
MATRIMONY,MATRIMONY.COM LIMITED    
MAWANASUG,MAWANA SUGARS LIMITED    
MAXESTATES,MAX ESTATES LIMITED      
MAXHEALTH,MAX HEALTHCARE INS LTD   
MAXIND,MAX INDIA LIMITED        
MAXPOSURE,MAXPOSURE LIMITED        
MAXVOLT,MAXVOLT ENERGY INDUS L   
MAYASHEEL,MAYASHEEL VENTURES LTD   
MAYURUNIQ,MAYUR UNIQUOTERS LTD     
MAZDA,MAZDA LIMITED            
MAZDOCK,MAZAGON DOCK SHIPBUIL LTD
MBAPL,MADHYA BHARAT AGRO P. LTD
MBEL,M AND B ENGINEERING LTD  
MBLINFRA,MBL INFRASTRUCTURE LTD   
MCCHRLS-B,MAC CHARLES (INDIA) LTD. 
MCL,M TEK COPPER LIMITED     
MCLEODRUSS,MCLEOD RUSSEL INDIA LTD. 
MCLOUD,MAGELLANIC CLOUD LIMITED 
MCON,MCON RASAYAN INDIA LTD   
MCX,MULTI COMMODITY EXCHANGE 
MDL,MARVEL DECOR LIMITED     
MEDANTA,GLOBAL HEALTH LIMITED    
MEDIASSIST,MEDI ASSIST HEALTH SER L 
MEDICAMEQ,MEDICAMEN BIOTECH LIMITED
MEDICO,MEDICO REMEDIES LIMITED  
MEDIORG,MEDICAMEN ORGANICS LTD   
MEDISTEP,MEDISTEP HEALTHCARE LTD  
MEDPLUS,MEDPLUS HEALTH SERV LTD  
MEESHO,MEESHO LIMITED           
MEGAFLEX,MEGA FLEX PLASTICS LTD   
MEGASTAR,MEGASTAR FOODS LIMITED   
MEGATHERM,MEGATHERM INDUCTION LTD  
MEIL,MANGAL ELECTRICAL IND L  
MENNPIS,MENON PISTONS LTD.       
MENONBE,MENON BEARINGS LIMITED   
MEP,MEP INFRA. DEVELOPERS LTD
MERCANTILE,MERCANTILE VENTURES LTD. 
MERCURYEV,MERCURY EV-TECH LIMITED  
METALIC,METALIC TECHNOFORGE LTD  
METROBRAND,METRO BRANDS LIMITED     
METROGLOBL,METROGLOBAL LTD.         
METROPOLIS,METROPOLIS HEALTHCARE LTD
MFML,MAHALAXMI FABRIC MILLS LT
MFSL,MAX FINANCIAL SERV LTD   
MGEL,MANGALAM GLOBAL ENT LTD  
MGL,MAHANAGAR GAS LTD.       
MGSL,MATRIX GEO SOLUTIONS LTD 
MHHL,MOHINI HEALTH&HYGIENE LTD
MHLXMIRU,MAHALAXMI RUBTECH LIMITED
MHRIL,MAHINDRA HOLIDAYS LTD    
MICEL,MIC ELECTRONICS LTD      
MICROPRO,MICROPRO SOFTWARE SOL L  
MIDHANI,MISHRA DHATU NIGAM LTD   
MIDWESTLTD,MIDWEST LIMITED          
MIEL,MANGLAM INFRA & ENG LTD  
MILTON,MILTON INDUSTRIES LIMITED
MINDACORP,MINDA CORPORATION LTD    
MINDPOOL,MINDPOOL TECHNOLOGIES LTD
MINDSPACE,MINDSPACE BUSINESS P REIT
MINDTECK,MINDTECK (INDIA) LIMITED 
MIRZAINT,MIRZA INTERNATIONAL LIMIT
MITCON,MITCON CON & ENG SER LTD 
MITTAL,MITTAL LIFE STYLE LIMITED
MKPL,M K PROTEINS LIMITED     
MMEL,MOVING MEDIA ENTER LTD   
MMFL,MM FORGINGS LTD          
MMP,MMP INDUSTRIES LIMITED   
MMTC,MMTC LIMITED             
MMWL,MEDIA MATRIX WORLDWIDE L 
MOBIKWIK,ONE MOBIKWIK SYSTEMS LTD 
MOBILISE,MOBILISE APP LAB LIMITED 
MODINATUR,MODI NATURALS LIMITED    
MODIRUBBER,MODI RUBBER LTD          
MODIS,MODIS NAVNIRMAN LTD      
MODISONLTD,MODISON LIMITED          
MODTHREAD,MODERN THREADS INDIA LTD 
MOHITIND,MOHIT INDUSTRIES LTD     
MOIL,MOIL LIMITED             
MOKSH,MOKSH ORNAMENTS LIMITED  
MOL,MEGHMANI ORGANICS LIMITED
MOLDTECH,MOLD-TEK TECHNOLOGIES LTD
MOLDTKPAC,MOLD-TEK PACKAGING LTD   
MONARCH,MONARCH NETWORTH CAP LTD 
MONEYBOXX,MONEYBOXX FINANCE LIMITED
MONOLITH,MONOLITHISCH INDIA LTD   
MONOPHARMA,MONO PHARMACARE LIMITED  
MONTECARLO,MONTE CARLO FASHIONS LTD.
MOREPENLAB,MOREPEN LAB. LTD         
MOS,MOS UTILITY LIMITED      
MOSCHIP,MOSCHIP TECHNOLOGIES LTD 
MOTHERSON,SAMVRDHNA MTHRSN INTL LTD
MOTILALOFS,MOTILAL OSWAL FIN LTD    
MOTISONS,MOTISONS JEWELLERS LTD   
MOTOGENFIN,MOTOR & GENERAL FINANCE L
MOXSH,MOXSH OVERSEAS EDUCON LTD
MPEL,MANAS POLYMER N ENERGIE L
MPHASIS,MPHASIS LIMITED          
MPSLTD,MPS LIMITED              
MPTODAY,M P TODAY MEDIA LIMITED  
MRF,MRF LTD                  
MRIL,MAHENDRA REALTO & INFRA L
MRPL,MRPL                     
MSPL,MSP STEEL & POWER LTD.   
MSTCLTD,MSTC LIMITED             
MSUMI,MOTHERSON SUMI WRNG IND L
MTARTECH,MTAR TECHNOLOGIES LIMITED
MTEDUCARE,MT EDUCARE LTD           
MTNL,MAHANAGAR TELEPHONE NIGAM
MUFIN,MUFIN GREEN FINANCE LTD  
MUFTI,CREDO BRANDS MARKETING L 
MUKANDLTD,MUKAND LTD.              
MUKKA,MUKKA PROTEINS LIMITED   
MUKTAARTS,MUKTA ARTS LIMITED       
MUNISH,MUNISH FORGE LIMITED     
MUNJALAU,MUNJAL AUTO IND. LTD.    
MUNJALSHOW,MUNJAL SHOWA LTD         
MURUDCERA,MURUDESHWAR CERAMICS LTD 
MUTHOOTCAP,MUTHOOT CAP SERV LTD     
MUTHOOTFIN,MUTHOOT FINANCE LIMITED  
MUTHOOTMF,MUTHOOT MICROFIN LIMITED 
MVELECTRO,MV ELECTROSYSTEMS LIMITED
MVGJL,MANOJ VAIBHAV GEM N JEW L
MVKAGRO,M.V.K. AGRO FOOD PROD LTD
MWL,MANGALAM WORLDWIDE LTD   
MYMUDRA,MY MUDRA FINCORP LIMITED 
NACLIND,NACL INDUSTRIES LIMITED  
NAGREEKCAP,NAGREEKA CAP & INFR.LTD  
NAGREEKEXP,NAGREEKA EXPORTS LTD.    
NAHARCAP,NAHAR CAP & FIN.         
NAHARINDUS,NAHAR INDS ENT LTD       
NAHARPOLY,NAHAR POLY FILMS LIMITED 
NAHARSPING,NAHAR SPINNING MILLS LTD.
NAM-INDIA,NIPPON L I A M LTD       
NAMAN,NAMAN INDUSTRE PRXIMA LTD
NAMOEWASTE,NAMO EWASTE MANAGEMENT L 
NARMADA,NARMADA AGROBASE LIMITED 
NATCAPSUQ,NATURAL CAPSULES LIMITED 
NATCOPHARM,NATCO PHARMA LTD.        
NATHBIOGEN,NATH BIO-GENES (I) LTD   
NATIONALUM,NATIONAL ALUMINIUM CO LTD
NATIONSTD,NATIONAL STAND (INDIA) L 
NAUKRI,INFO EDGE (I) LTD        
NAVA,NAVA LIMITED             
NAVINFLUOR,NAVIN FLUORINE INT. LTD  
NAVKARCORP,NAVKAR CORPORATION LTD.  
NAVKARURB,NAVKAR URBANSTRUCTURE LTD
NAVNETEDUL,NAVNEET EDUCATION LTD    
NAZARA,NAZARA TECHNOLOGIES LTD  
NBCC,NBCC (INDIA) LIMITED     
NBIFIN,N.B.I. IND. FIN. CO. LTD 
NCC,NCC LIMITED              
NCLIND,NCL INDUSTRIES LIMITED   
NDGL,NAGA DHUNSERI GROUP LTD  
NDL,NANDAN DENIM LIMITED     
NDLVENTURE,NDL VENTURES LIMITED     
NDRAUTO,NDR AUTO COMPONENTS LTD  
NDRINVIT,NDR INVIT TRUST          
NDTV,NDTV LTD                 
NEAGI,NEELAMALAI AGRO INDS. L  
NECCLTD,NORTH EAST CARRY CORP LTD
NECLIFE,NECTAR LIFESCIENCES LTD. 
NEELAM,NEELAM LINENS & GAR (I) L
NELCAST,NELCAST LIMITED          
NELCO,NELCO LTD                
NEOCHEM,NEOCHEM BIO SOLUTIONS LTD
NEOGEN,NEOGEN CHEMICALS LIMITED 
NEPHROCARE,NEPHRO CARE INDIA LIMITED
NEPHROPLUS,NEPHROCARE HEALTH SERV L 
NEPTUNE,NEPTUNE PETROCHEMICALS L 
NESCO,NESCO LTD.               
NESTLEIND,NESTLE INDIA LIMITED     
NETWEB,NETWEB TECH INDIA LTD    
NETWORK18,NETWORK18 MEDIA & INV LTD
NEUEON,NEUEON CORPORATION LTD   
NEULANDLAB,NEULAND LAB LTD.         
NEWGEN,NEWGEN SOFTWARE TECH LTD 
NEWJAISA,NEWJAISA TECHNOLOGIES LTD
NEXTMEDIA,NEXT MEDIAWORKS LIMITED  
NFL,NATIONAL FERT. LTD       
NFPSAMPOOR,NFP SAMPOORNA FOODS LTD  
NGIL,NAKODA GROUP OF IND. LTD 
NGLFINE,NGL FINE CHEM LIMITED    
NH,NARAYANA HRUDAYALAYA LTD.
NHIT,NATIONAL HIGHW INFRA TRUS
NHPC,NHPC LTD                 
NIACL,THE NEW INDIA ASSU CO LTD
NIBE,NIBE LIMITED             
NIBL,NRB INDUS. BEARINGS LTD. 
NIDAN,NIDAN LABS AND HEALTH LTD
NIITLTD,NIIT LIMITED             
NIITMTS,NIIT LEARNING SYSTEMS LTD
NIKITA,NIKITA GRENTEC RECYCL LTD
NILAINFRA,NILA INFRASTRUCTURES LTD 
NILASPACES,NILA SPACES LIMITED      
NILE,NILE LTD.                
NILKAMAL,NILKAMAL LIMITED         
NIMBSPROJ,NIMBUS PROJECTS LIMITED  
NINSYS,NINTEC SYSTEMS LIMITED   
NIPPOBATRY,INDO-NATIONAL LIMITED    
NIRAJ,NIRAJ CEMENT STRUC LTD   
NIRAJISPAT,NIRAJ ISPAT IND LTD      
NIRLON,NIRLON LTD               
NIRMAN,NIRMAN AGRI GENTICS LTD  
NITCO,NITCO LIMITED            
NITINSPIN,NITIN SPINNERS LIMITED   
NITIRAJ,NITIRAJ ENGINEERS LTD    
NITTAGELA,NITTA GELATIN INDIA LTD. 
NIVABUPA,NIVA BUPA HEALTH INS CO L
NKIND,NK INDUSTRIES LTD        
NLCINDIA,NLC INDIA LIMITED        
NMDC,NMDC LTD.                
NMSTEEL,NEWMALAYALAM STEEL LTD   
NOCIL,NOCIL LIMITED            
NOIDATOLL,NOIDA TOLL BRIDGE CO LTD 
NORBTEAEXP,NORBEN TEA & EXPORTS LTD 
NORTHARC,NORTHERN ARC CAPITAL LTD 
NOVAAGRI,NOVA AGRITECH LIMITED    
NOVARTIND,NOVARTIS INDIA LIMITED   
NPST,NETWORK PEOPLE SRV TECH L
NRAIL,N R AGARWAL INDS LTD     
NRBBEARING,NRB BEARING LIMITED      
NRL,NUPUR RECYCLERS LIMITED  
NRVANDANA,N R VANDANA TEX IND LTD  
NSIL,NALWA SONS INVESTMENT LTD
NSLNISP,NMDC STEEL LIMITED       
NTPC,NTPC LTD                 
NTPCGREEN,NTPC GREEN ENERGY LIMITED
NUCLEUS,NUCLEUS SOFTWARE EXPORTS 
NURECA,NURECA LIMITED           
NUVAMA,NUVAMA WEALTH MANAGE LTD 
NUVOCO,NUVOCO VISTAS CORP LTD   
NXST,NEXUS SELECT TRUST       
NXT-INFRA,NXT-INFRA TRUST          
NYKAA,FSN E COMMERCE VENTURES  
OAL,ORIENTAL AROMATICS LTD   
OBCL,OBCL LIMITED             
OBEROIRLTY,OBEROI REALTY LIMITED    
OBSCP,OBSC PERFECTION LIMITED  
OCCLLTD,OCCL LIMITED             
ODIGMA,ODIGMA CONSULTANCY SOL L 
OFSS,ORACLE FIN SERV SOFT LTD.
OIL,OIL INDIA LTD            
OILCOUNTUB,OIL COUNTRY TUBULAR LTD. 
OLAELEC,OLA ELECTRIC MOBILITY LTD
OLECTRA,OLECTRA GREENTECH LIMITED
OLIL,ONECLICK LOGISTICS IND L 
OMAXAUTO,OMAX AUTOS LTD           
OMAXE,OMAXE LIMITED            
OMFREIGHT,OM FREIGHT FORWARDERS LTD
OMFURN,OMFURN INDIA LIMITED     
OMINFRAL,OM INFRA LIMITED         
OMNI,OMNITECH ENGINEERING LTD 
OMPOWER,OM POWER TRANSMISSION LTD
ONDOOR,ON DOOR CONCEPTS LIMITED 
ONELIFECAP,ONELIFE CAP ADVISORS LTD 
ONEPOINT,ONE POINT ONE SOL LTD    
ONESOURCE,ONESOURCE SPECL PHARMA L 
ONGC,OIL AND NATURAL GAS CORP.
ONIDA,ONIDA ELECTRONICS LIMITED
ONMOBILE,ONMOBILE GLOBAL LTD.     
ONWARDTEC,ONWARD TECHNOLOGIES LTD  
ONYX,ONYX BIOTEC LIMITED      
OPTIEMUS,OPTIEMUS INFRACOM LTD    
OPTIMYSTIX,OPTIMYSTIX ENT INDIA LTD 
OPTIVALUE,OPTIVALUE TEK CONSULT LTD
ORBTEXP,ORBIT EXPORTS LIMITED    
ORCHASP,ORCHASP LIMITED          
ORCHPHARMA,ORCHID PHARMA LIMITED    
ORIANA,ORIANA POWER LIMITED     
ORICONENT,ORICON ENTERPRISES LTD   
ORIENTALTL,ORIENTAL TRIMEX LTD      
ORIENTBELL,ORIENT BELL LIMITED      
ORIENTCEM,ORIENT CEMENT LTD.       
ORIENTCER,ORIENT CERATECH LIMITED  
ORIENTELEC,ORIENT ELECTRIC LIMITED  
ORIENTHOT,ORIENT HOTELS LTD        
ORIENTLTD,ORIENT PRESS LIMITED     
ORIENTPPR,ORIENT PAPER AND INDS LTD
ORIENTTECH,ORIENT TECHNOLOGIES LTD  
ORISSAMINE,ORISSA MIN DEV CO LTD    
ORKLAINDIA,ORKLA INDIA LIMITED      
ORTINGLOBE,ORTIN GLOBAL LIMITED     
OSEINTRUST,ORIENTAL INFRATRUST      
OSELDEVICE,OSEL DEVICES LIMITED     
OSIAHYPER,OSIA HYPER RETAIL LIMITED
OSWALAGRO,OSWAL AGRO MILLS LTD     
OSWALGREEN,OSWAL GREENTECH LIMITED  
OSWALPUMPS,OSWAL PUMPS LIMITED      
OSWALSEEDS,SHREEOSWAL S AND CHE LTD 
OWAIS,OWAIS METAL & MINERAL    
PACEDIGITK,PACE DIGITEK LIMITED     
PAGEIND,PAGE INDUSTRIES LTD      
PAISALO,PAISALO DIGITAL LIMITED  
PAKKA,PAKKA LIMITED            
PALASHSECU,PALASH SECURITIES LTD    
PALREDTEC,PALRED TECHNOLOGIES LTD  
PANACEABIO,PANACEA BIOTEC LTD       
PANACHE,PANACHE DIGILIFE LIMITED 
PANAMAPET,PANAMA PETROCHEM LTD     
PANSARI,PANSARI DEVELOPERS LTD   
PAR,PAR DRUGS AND CHEM LTD   
PARACABLES,PARAMOUNT COMM LTD       
PARADEEP,PARADEEP PHOSPHATES LTD  
PARAGMILK,PARAG MILK FOODS LTD.    
PARAGON,PARAGON FINE S.C. LTD.   
PARAMATRIX,PARAMATRIX TECHNOLOGIES L
PARAMOUNT,PARAMOUNT DYE TEC LIMITED
PARAMPARA,PARAMPARA DAIRY DLGHT LTD
PARAS,PARAS DEF AND SPCE TECH L
PARASPETRO,PARAS PETROFILS LTD.     
PARIN,PARIN ENTERPRISES LIMITED
PARKHOSPS,PARK MEDI WORLD LIMITED  
PARKHOTELS,PARKHOTELS               
PARSVNATH,PARSVNATH DEVELOPER LTD  
PARTH,PARTH ELEC & ENG LTD     
PARTYCRUS,PARTY CRUISERS LIMITED   
PASHUPATI,PASHUPATI COTSPIN LIMITED
PASUPTAC,PASUPATI ACRYLON LIMITED 
PATANJALI,PATANJALI FOODS LIMITED  
PATELENG,PATEL ENGINEERING LTD.   
PATELRMART,PATEL RETAIL LIMITED     
PATILAUTOM,PATIL AUTOMATION LIMITED 
PATINTLOG,PATEL INT. LOG. LTD      
PATTECH,PATTECH FITWELL TUB COM L
PAUSHAKLTD,PAUSHAK LIMITED          
PAVNAIND,PAVNA INDUSTRIES LIMITED 
PAYTM,ONE 97 COMMUNICATIONS LTD
PCBL,PCBL CHEMICAL LIMITED    
PCCL,PETRO CARBON AND CHEMI L 
PCJEWELLER,PC JEWELLER LTD          
PDMJEPAPER,PUDUMJEE PAPER PRO. LTD  
PDSL,PDS LIMITED              
PEARLPOLY,PEARL POLYMERS LTD       
PELATRO,PELATRO LIMITED          
PENIND,PENNAR INDUSTRIES LTD    
PENINLAND,PENINSULA LAND LIMITED   
PENTAGON,PENTAGON RUBBER LIMITED  
PERFECT,PERFECT INFRAENGINEER LTD
PERSISTENT,PERSISTENT SYSTEMS LTD   
PETRONET,PETRONET LNG LIMITED     
PFC,POWER FIN CORP LTD.      
PFIZER,PFIZER LTD               
PFOCUS,PRIME FOCUS LIMITED      
PFS,PTC INDIA FIN SERV LTD   
PGEL,PG ELECTROPLAST LTD      
PGHH,P&G HYGIENE & HEALTH CARE
PGHL,PROCTER & GAMBLE HEALTH L
PGIL,PEARL GLOBAL IND LIMITED 
PGINVIT,POWERGRID INFRA. INVITS  
PHANTOMFX,PHANTOM DIGITAL EFF LTD  
PHOENIXLTD,THE PHOENIX MILLS LTD    
PHOGLOBAL,PHOENIX OVERSEAS LIMITED 
PICCADIL,PICCADILY AGRO INDUSTRI L
PIDILITIND,PIDILITE INDUSTRIES LTD  
PIGL,POWER INSTRUMENT (G) LTD 
PIIND,PI INDUSTRIES LTD        
PILANIINVS,PILANI INV & IND COR LTD 
PILITA,PIL ITALICA LIFESTYLE LTD
PINELABS,PINE LABS LIMITED        
PIONEEREMB,PIONEER EMBROIDERIES LTD 
PIONRINV,PIONEER INVESTCORP LTD.  
PIRAMALFIN,PIRAMAL FINANCE LIMITED  
PITTIENG,PITTI ENGINEERING LIMITED
PIXTRANS,PIX TRANSMISSIONS LIMITED
PKTEA,THE P K TEA PROD CO LTD  
PLADAINFO,PLADA INFOTECH SERVICES L
PLASTIBLEN,PLASTIBLENDS INDIA LTD   
PLATIND,PLATINUM INDUSTRIES LTD  
PLAZACABLE,PLAZA WIRES LIMITED      
PML,PAUL MERCHANTS LTD.      
PNB,PUNJAB NATIONAL BANK     
PNBGILTS,PNB GILTS LIMITED        
PNBHOUSING,PNB HOUSING FIN LTD.     
PNC,PRITISH NANDY COMMUNICATI
PNCINFRA,PNC INFRATECH LTD.       
PNGJL,P N GADGIL JEWELLERS LTD 
PNGSREVA,PNGS REVA DIAMOND JEWEL L
POCL,PONDY OXIDES & CHEM LTD  
PODDARMENT,PODDAR PIGMENTS LIMITED  
POKARNA,POKARNA LIMITED          
POLICYBZR,PB FINTECH LIMITED       
POLYCAB,POLYCAB INDIA LIMITED    
POLYMED,POLY MEDICURE LIMITED    
POLYPLEX,POLYPLEX CORPORATION LTD 
POLYSIL,POLYSIL IRRIGATION SYST L
PONNIERODE,PONNIE SUGARS (ERODE) LTD
POONAWALLA,POONAWALLA FINCORP LTD   
POSITRON,POSITRON ENERGY LIMITED  
POWERGRID,POWER GRID CORP. LTD.    
POWERICA,POWERICA LIMITED         
POWERINDIA,HITACHI ENERGY INDIA LTD 
POWERMECH,POWER MECH PROJECTS LTD. 
PPAP,PPAP AUTOMOTIVE LIMITED  
PPL,PRAKASH PIPES LIMITED    
PPLPHARMA,PIRAMAL PHARMA LIMITED   
PPSL,PICTUREPOST STUDIOS LTD  
PRABHA,PRABHA ENERGY LIMITED    
PRADPME,PRADEEP METALS LTD.      
PRAENG,PRAJAY ENG. SYN. LTD.    
PRAJIND,PRAJ INDUSTRIES LTD      
PRAKASH,PRAKASH INDUSTRIES LTD   
PRAKASHSTL,PRAKASH STEELAGE LTD     
PRAMARA,PRAMARA PROMOTIONS LTD   
PRANIK,PRANIK LOGISTICS LIMITED 
PRATHAM,PRATHAM EPC PROJECTS LTD 
PRAVEG,PRAVEG LTD.              
PRAXIS,PRAXIS HOME RETAIL LTD   
PRECAM,PRECISION CAMSHAFTS LTD. 
PRECISION,PRECISION METALIKS LTD   
PRECOT,PRECOT LIMITED           
PRECWIRE,PRECISION WIRES INDIA LTD
PREMCO,PREMCO GLOBAL LTD.       
PREMEXPLN,PREMIER EXPLOSIVES LTD   
PREMIER,PREMIER LIMITED          
PREMIERENE,PREMIER ENERGIES LIMITED 
PREMIERPOL,PREMIER POLYFILM LTD     
PREMIUM,PREMIUM PLAST LIMITED    
PRESSTONIC,PRESSTONIC ENGINEERING L 
PRESTIGE,PRESTIGE ESTATE LTD      
PRICOLLTD,PRICOL LIMITED           
PRIMECAB,PRIME CABLE INDUSTRIES L 
PRIMESECU,PRIME SECURITIES LIMITED 
PRIMO,PRIMO CHEMICALS LIMITED  
PRINCEPIPE,PRINCE PIPES FITTINGS LTD
PRITI,PRITI INTERNATIONAL LTD  
PRITIKA,PRITIKA ENG COMPO LTD    
PRITIKAUTO,PRITIKA AUTO INDUS LTD   
PRIVISCL,PRIVI SPECIALITY CHE LTD 
PRIZOR,PRIZOR VIZTECH LIMITED   
PRLIND,PREMIER ROADLINES LIMITED
PROFX,PRO FX TECH LIMITED      
PROLIFE,PROLIFE INDUSTRIES LTD   
PROPEQUITY,P. E. ANALYTICS LIMITED  
PROPSHOP,PROPSHOP EVENTS AND EXH L
PROSTARM,PROSTARM INFO SYSTEMS LTD
PROTEAN,PROTEAN EGOV TECHNO LTD  
PROV,PROVENTUS AGROCOM LIMITED
PROZONER,PROZONE REALTY LIMITED   
PRSMJOHNSN,PRISM JOHNSON LIMITED    
PRUDENT,PRUDENT CORP ADV SER LTD 
PRUDMOULI,PRUDENTIAL SUGAR CORPORAT
PSB,PUNJAB & SIND BANK       
PSFL,PARAMOUNT SPECIALI FORG L
PSPPROJECT,PSP PROJECTS LIMITED     
PSRAJ,P S RAJ STEELS LIMITED   
PTC,PTC INDIA LIMITED        
PTCIL,PTC INDUSTRIES LIMITED   
PTL,PTL ENTERPRISES LTD      
PULZ,PULZ ELECTRONICS LIMITED 
PUNJABCHEM,PUNJAB CHEM & CROP PROT L
PURPLEUTED,PURPLE UNITED SALES LTD  
PURVA,PURAVANKARA LIMITED      
PURVFLEXI,PURV FLEXIPACK LIMITED   
PUSHPA,PUSHPA JEWELLERS LIMITED 
PVP,PVP VENTURES LIMITED     
PVRINOX,PVR INOX LIMITED         
PVSL,POPULAR VEHICLES N SER L 
PWL,PHYSICSWALLAH LIMITED    
PYRAMID,PYRAMID TECHNOPLAST LTD  
QFIL,QUALITY FOILS (INDIA) LTD
QLINE,Q-LINE BIOTECH LIMITED   
QMSMEDI,QMS MEDICAL ALLIED S LTD 
QPOWER,QUALITY POWER ELEC EQUP L
QUADFUTURE,QUADRANT FUTURE TEK LTD  
QUADPRO,QUADPRO ITES LIMITED     
QUESS,QUESS CORP LIMITED       
QUESTLAB,QUEST LABORATORIES LTD   
QUICKHEAL,QUICK HEAL TECH LTD      
QUICKTOUCH,QUICKTOUCH TECHNOLOGIES L
QUINT,QUINT DIGITAL LTD.       
QVCEL,QVC EXPORTS LIMITED      
RACE,RACE ECO CHAIN LIMITED   
RACLGEAR,RACL GEARTECH LIMITED    
RADAAN,RADAAN MEDIAWORKS (I) LTD
RADHIKAJWE,RADHIKA JEWELTECH LIMITED
RADIANTCMS,RADIANT CASH MGMT SER LTD
RADICO,RADICO KHAITAN LTD       
RADIOCITY,MUSIC BROADCAST LIMITED  
RADIOWALLA,RADIOWALLA NETWORK LTD   
RAILTEL,RAILTEL CORP OF IND LTD  
RAIN,RAIN INDUSTRIES LIMITED  
RAINBOW,RAINBOW CHILDRENS MED LTD
RAJESHEXPO,RAJESH EXPORTS LTD       
RAJINDLTD,RAJPUTANA INDUSTRIES LTD 
RAJMET,RAJNANDINI METAL LIMITED 
RAJOOENG,RAJOO ENGINEERS LIMITED  
RAJPALAYAM,RAJAPALAYAM MILLS LTD.   
RAJPUTANA,RAJPUTANA BIODIESEL LTD  
RAJRATAN,RAJRATAN GLOBAL WIRE LTD 
RAJRILTD,RAJ RAYON INDUSTRIES LTD 
RAJSREESUG,RAJSHREE SUGAR & CHEMICAL
RAJTV,RAJ TV NETWORK LTD       
RALLIS,RALLIS INDIA LTD         
RAMANEWS,SHREE RAMA NEWSPRINT LTD 
RAMAPHO,RAMA PHOSPHATES LIMITED  
RAMASTEEL,RAMA STEEL TUBES LIMITED 
RAMBHAJO,ADVIT JEWELS LIMITED     
RAMCOCEM,THE RAMCO CEMENTS LIMITED
RAMCOIND,RAMCO INDUSTRIES LIMITED 
RAMCOSYS,RAMCO SYSTEMS LTD.       
RAMKY,RAMKY INFRA LTD          
RAMRAT,RAM RATNA WIRES LIMITED  
RANASUG,RANA SUGARS LTD.         
RANEHOLDIN,RANE HOLDINGS LIMITED    
RAPIDFLEET,RAPID FLEET MGT SERVICE L
RAPPID,RAPPID VALVES (INDIA) LTD
RATEGAIN,RATEGAIN TRAVEL TECHN LTD
RATNAMANI,RATNAMANI MET & TUB LTD. 
RATNAVEER,RATNAVEER PRECISION ENG L
RAYMOND,RAYMOND LTD              
RAYMONDLSL,RAYMOND LIFESTYLE LIMITED
RAYMONDREL,RAYMOND REALTY LIMITED   
RBA,RESTAURANT BRAND ASIA LTD
RBLBANK,RBL BANK LIMITED         
RBMINFRA,RBM INFRACON LIMITED     
RBS,RAMDEVBABA SOLVENT LTD   
RBZJEWEL,RBZ JEWELLERS LIMITED    
RCDL,RAJGOR CASTOR DERIVATI L 
RCF,RASHTRIYA CHEMICALS & FER
RCOM,RELIANCE COMMUNICATIONS L
READYMIX,READYMIX CONSTRU MACHI L 
RECLTD,REC LIMITED              
REDINGTON,REDINGTON LIMITED        
REDTAPE,REDTAPE LIMITED          
REFEX,REFEX INDUSTRIES LIMITED 
REFRACTORY,REFRACTORY SHAPES LIMITED
REGAAL,REGAAL RESOURCES LIMITED 
REGENCERAM,REGENCY CERAMICS LTD.    
RELAXO,RELAXO FOOT LTD.         
RELCHEMQ,RELIANCE CHEMOTEX IND LTD
RELIABLE,RELIABLE DATA SERVICE LTD
RELIANCE,RELIANCE INDUSTRIES LTD  
RELIGARE,RELIGARE ENTER. LTD.     
RELINFRA,RELIANCE INFRASTRUCTU LTD
RELTD,RAVINDRA ENERGY LIMITED  
REMSONSIND,REMSONS INDUSTRIES LTD   
REMUS,REMUS PHARMACEUTICALS L  
RENUKA,SHREE RENUKA SUGARS LTD  
REPCOHOME,REPCO HOME FINANCE LTD   
REPL,RUDRABHISHEK ENTERP LTD  
REPRO,REPRO INDIA LIMITED      
RESPONIND,RESPONSIVE INDUSTRIES LTD
RETAIL,JHS SVENDGAARD RETAIL V L
REXPIPES,REX PIPES AND CABLES LTD 
REXPRO,REXPRO ENTERPRISES LTD   
RFBL,RFBL FLEXI PACK LIMITED  
RGL,RENAISSANCE GLOBAL LTD   
RHETAN,RHETAN TMT LIMITED       
RHFL,RELIANCE HOME FINANCE LTD
RHIM,RHI MAGNESITA INDIA LTD  
RHL,ROBUST HOTELS LIMITED    
RICHA,RICHA INFO SYSTEMS LTD   
RICOAUTO,RICO AUTO INDUSTRIES LTD 
RIIL,RELIANCE INDUSTRIAL INFRA
RIIT,RAAJMARG INFRA INVEST T  
RILINFRA,RACHANA INFRA LTD        
RIR,RIR POWER ELECTRONICS L  
RISHABH,RISHABH INSTRUMENTS LTD  
RITCO,RITCO LOGISTICS LIMITED  
RITES,RITES LIMITED            
RITEZONE,RITE ZONE CHEMCON IND LTD
RKDL,RAVI KUMAR DIST. LTD.    
RKEC,RKEC PROJECTS LIMITED    
RKFORGE,RAMKRISHNA FORGINGS LTD  
RKSWAMY,R K SWAMY LIMITED        
RMC,RMC SWITCHGEARS LIMITED  
RMDRIP,R M DRIP & SPRINK SYS LTD
RML,RANE (MADRAS) LIMITED    
RNBDENIMS,R&B DENIMS LIMITED       
RNFI,RNFI SERVICES LIMITED    
RNPL,RENOL POLYCHEM LIMITED   
ROADSTAR,ROADSTAR INFRA INVT TRUST
ROCKINGDCE,ROCKINGDEALS CIRCU ECO L 
ROHLTD,ROYAL ORCHID HOTELS LTD  
ROLEXRINGS,ROLEX RINGS LIMITED      
ROLLT,ROLLATAINERS LIMITED     
ROML,RAJ OIL MILLS LIMITED    
ROSSARI,ROSSARI BIOTECH LIMITED  
ROSSELLIND,ROSSELL INDIA LIMITED    
ROSSTECH,ROSSELL TECHSYS LIMITED  
ROTO,ROTO PUMPS LIMITED       
ROUTE,ROUTE MOBILE LIMITED     
ROXHITECH,ROX HI TECH LIMITED      
ROYALARC,ROYAL ARC ELECTRODES LTD 
RPEL,RAGHAV PRODUCTIVITY ENH L
RPGLIFE,RPG LIFE SCIENCES LTD    
RPOWER,RELIANCE POWER LTD.      
RPPINFRA,R.P.P INFRA PROJECTS LTD 
RPPL,RAJSHREE POLYPACK LTD    
RPSGVENT,RPSG VENTURES LIMITED    
RPTECH,RASHI PERIPHERALS LIMITED
RRIL,R R I L LTD.             
RRKABEL,R R KABEL LIMITED        
RSDFIN,R S D FINANCE LTD.       
RSL,RAJPUTANA STAINLESS LTD  
RSSOFTWARE,R. S. SOFTWARE (INDIA) LI
RSWM,RSWM LIMITED             
RSYSTEMS,R SYS INTERNATIONAL LTD  
RTL,RAMA TELECOM LIMITED     
RTNINDIA,RATTANINDIA ENT LIMITED  
RTNPOWER,RATTANINDIA POWER LIMITED
RUBFILA,RUBFILA INTERNATIONAL LTD
RUBICON,RUBICON RESEARCH LIMITED 
RUBYMILLS,THE RUBY MILLS LTD       
RUCHINFRA,RUCHI INFRASTRUCTURE LTD 
RUCHIRA,RUCHIRA PAPERS LIMITED   
RUDRA,RUDRA GLOBAL INFRA PROD L
RULKA,RULKA ELECTRICALS LIMITED
RUPA,RUPA & COMPANY LTD       
RUSHIL,RUSHIL DECOR LIMITED     
RUSTOMJEE,KEYSTONE REALTORS LIMITED
RVHL,RAVINDER HEIGHTS LIMITED 
RVNL,RAIL VIKAS NIGAM LIMITED 
RVTH,REVATHI EQUIPMENT INDIA L
S&SPOWER,S&S POWER SWITCHGEARS LTD
SAAKSHI,SAAKSHI MEDTEC N PANELS L
SAATVIKGL,SAATVIK GREEN ENERGY LTD 
SABAR,SABAR FLEX INDIA LIMITED 
SACHEEROME,SACHEEROME LIMITED       
SADBHAV,SADBHAV ENGINEERING LTD  
SADBHIN,SADBHAV INFRA PROJ LTD.  
SADHAV,SADHAV SHIPPING LIMITED  
SADHNANIQ,SADHANA NITROCHEM LIMITED
SAFARI,SAFARI IND (INDIA) LTD   
SAFEENTP,SAFE ENTER RETAIL FIX LTD
SAGARDEEP,SAGARDEEP ALLOYS LIMITED 
SAGCEM,SAGAR CEMENTS LIMITED    
SAGILITY,SAGILITY LIMITED         
SAHAJSOLAR,SAHAJ SOLAR LIMITED      
SAHANA,SAHANA SYSTEM LIMITED    
SAHASRA,SAHASRA ELECTRONIC SOLU L
SAHLIBHFI,SHALIBHADRA FINANCE LTD  
SAHYADRI,SAHYADRI INDUSTRIES LTD  
SAIFL,SAMEERA AGRO AND INFRA L 
SAIL,STEEL AUTHORITY OF INDIA 
SAILIFE,SAI LIFE SCIENCES LIMITED
SAIPARENT,SAI PARENTERALS LIMITED  
SAJHOTELS,SAJ HOTELS LIMITED       
SAKAR,SAKAR HEALTHCARE LIMITED 
SAKHTISUG,SAKTHI SUGARS LTD        
SAKSOFT,SAKSOFT LIMITED          
SAKUMA,SAKUMA EXPORTS LIMITED   
SALASAR,SALASAR TECHNO ENGG. LTD.
SALONA,SALONA COTSPIN LTD.      
SALSTEEL,S.A.L. STEEL LTD.        
SALZERELEC,SALZER ELECTRONICS LTD   
SAMAY,SAMAY PROJECT SERVICES L 
SAMBHAAV,SAMBHAAV MEDIA LTD       
SAMBHV,SAMBHV STEEL TUBES LTD   
SAMHI,SAMHI HOTELS LIMITED     
SAMMAANCAP,SAMMAAN CAPITAL LIMITED  
SAMPANN,SAMPANN UTPADAN INDIA LTD
SANATHAN,SANATHAN TEXTILES LIMITED
SANDESH,SANDESH LTD              
SANDHAR,SANDHAR TECHNOLOGIES LTD 
SANDUMA,SANDUR MANG & IRON ORES L
SANGAMIND,SANGAM (INDIA) LTD       
SANGANI,SANGANI HOSPITALS LIMITED
SANGHVIMOV,SANGHVI MOVERS LTD       
SANGINITA,SANGINITA CHEMICALS LTD  
SANOFI,SANOFI INDIA LIMITED     
SANOFICONR,SANOFI CONS HEALTHC IND L
SANSERA,SANSERA ENGINEERING LTD  
SANSTAR,SANSTAR LIMITED          
SANWARIA,SANWARIA CONSUMER LIMITED
SAPPHIRE,SAPPHIRE FOODS INDIA LTD 
SAPPL,SHREE AJIT PULP & PAPER L
SARDAEN,SARDA ENERGY & MIN LTD   
SAREGAMA,SAREGAMA INDIA LIMITED   
SARLAPOLY,SARLA PERF. FIBERS LTD   
SAROJA,SAROJA PHARMA INDUS IND L
SARTELE,SAR TELEVENTURE LIMITED  
SARVESHWAR,SARVESHWAR FOODS LIMITED 
SASKEN,SASKEN TECHNOLOGIES LTD  
SATECH,S A TECH SOFTWARE INDIA L
SATIA,SATIA INDUSTRIES LIMITED 
SATIN,SATIN CREDIT NET LTD     
SATIPOLY,SATI POLY PLAST LIMITED  
SATKARTAR,SAT KARTAR LIFE LIMITED  
SATTVAENGG,SATTVA ENGINEERING CSTN L
SAURASHCEM,SAURASHTRA CEMENT LIMITED
SAVY,SAVY INFRA AND LOGI LTD  
SAWALIYA,SAWALIYA FOOD PRODUCTS L 
SAYAJIHOTL,SAYAJI HOTELS LTD.       
SBC,SBC EXPORTS LIMITED      
SBCL,SHIVALIK BIMETAL CON. LTD
SBFC,SBFC FINANCE LIMITED     
SBGLP,SURATWWALA BUS GROUP LTD 
SBICARD,SBI CARDS & PAY SER LTD  
SBIFUNDS,SBI FUNDS MANAGEMENT LTD 
SBILIFE,SBI LIFE INSURANCE CO LTD
SBIN,STATE BANK OF INDIA      
SCANSTL,SCAN STEELS LTD.         
SCHAEFFLER,SCHAEFFLER INDIA LIMITED 
SCHAND,S CHAND AND COMPANY LTD  
SCHNEIDER,SCHNEIDER ELECTRIC INFRA 
SCI,SHIPPING CORP OF INDIA LT
SCILAL,SHIPPING CORP OF ILA LTD 
SCML,SHARP CHUCKS N MACHINES L
SCODATUBES,SCODA TUBES LIMITED      
SCPL,SHEETAL COOL PRODUCTS LTD
SDBL,SOM DIST & BREW LTD      
SDREAMS,S D RETAIL LIMITED       
SEAMECLTD,SEAMEC LIMITED           
SECMARK,SECMARK CONSULTANCY LTD  
SECURKLOUD,SECUREKLOUD TECH LIMITED 
SEDEMAC,SEDEMAC MECHATRONICS LTD 
SEIL,SHANTI EDU INITIATIVES L 
SEITINVIT,SUSTAINABLE ENERGY INFRA 
SEJALLTD,SEJAL GLASS LIMITED      
SEL,SUNGARNER ENERGIES LTD   
SELLOWRAP,SELLOWRAP INDUSTRIES LTD 
SELMC,SEL MANUFACTURING CO LTD 
SEMAC,SEMAC CONSTRUCTION LTD   
SENCO,SENCO GOLD LIMITED       
SENORES,SENORES PHARMACEUTICALS L
SEPC,SEPC LIMITED             
SERVICE,SERVICE CARE LIMITED     
SERVOTECH,SERVOTECH REN POW SYS LTD
SESHAPAPER,SESHASAYEE PAPER & BOARDS
SETCO,SETCO AUTOMOTIVE LTD     
SETL,STANDARD ENGNG TCNLGY LTD
SETUINFRA,SETUBANDHAN INFRA LTD    
SEYAIND,SEYA INDUSTRIES LIMITED  
SFL,SHEELA FOAM LIMITED      
SFML,SUPREME FACILITY MGMT LTD
SGFIN,SG FINSERVE LIMITED      
SGIL,SYNERGY GREEN IND. LTD   
SGL,STL GLOBAL LIMITED       
SGMART,SG MART LIMITED          
SHADOWFAX,SHADOWFAX TECHNOLOGIES L 
SHAH,SHAH METACORP LIMITED    
SHAHALLOYS,SHAH ALLOYS LIMITED      
SHAILY,SHAILY ENG PLASTICS LTD  
SHAIVAL,SHAIVAL REALITY LIMITED  
SHAKTIPUMP,SHAKTI PUMPS (I) LTD     
SHALBY,SHALBY LIMITED           
SHALPAINTS,SHALIM PAINTS LTD        
SHANKARA,SHANKARA BLDG PRODUCT LTD
SHANTHALA,SHANTHALA FMCG PRODUCTS L
SHANTI,SHANTI OVERSEAS INDIA LTD
SHANTI-RE,SHANTI GOLD INTL LTD     
SHANTIGEAR,SHANTHI GEARS LTD        
SHANTIGOLD,SHANTI GOLD INTERNATION L
SHARDACROP,SHARDA CROPCHEM LTD.     
SHARDAMOTR,SHARDA MOTOR INDS LTD    
SHARDUL,SHARDUL SECURITIES LTD.  
SHAREINDIA,SHARE IND. SECURITIES LTD
SHBAJRG,SHRI BAJRANG ALLIANCE L  
SHEEL,SHEEL BIOTECH LIMITED    
SHEETAL,SHEETAL UNIVERSAL LIMITED
SHEKHAWATI,SHEKHAWATI INDUSTRIES LTD
SHEMAROO,SHEMAROO ENTER. LTD.     
SHERA,SHERA ENERGY LIMITED     
SHETHJI,SHREEJI GLOBAL FMCG LTD  
SHIGAN,SHIGAN QUANTUM TECH LTD  
SHILCTECH,SHILCHAR TECHNOLOGIES LTD
SHILPAMED,SHILPA MEDICARE LTD      
SHINDL,SHARAT INDUSTRIES LTD.   
SHIVALIK,SHIVALIK RASAYAN LIMITED 
SHIVAMAUTO,SHIVAM AUTO.LTD          
SHIVAMILLS,SHIVA MILLS LIMITED      
SHIVASHRIT,SHIVASHRIT FOODS LIMITED 
SHIVATEX,SHIVA TEXYARN LIMITED    
SHIVAUM,SHIV AUM STEELS LIMITED  
SHK,S H KELKAR AND CO. LTD.  
SHKSIL,SHRI HARE-KRI SPO IRON L 
SHOPERSTOP,SHOPPERS STOP LIMITED    
SHRADHA,SHRADHA REALTY LIMITED   
SHREDIGCEM,SHREE DIGVIJAY CEM CO LTD
SHREECEM,SHREE CEMENT LIMITED     
SHREEDHAR,SHREEDHAR SPINNERS LTD   
SHREEJISPG,SHREEJI SHIPPING GLOBAL L
SHREEKARNI,SHREE KARNI FABCOM LTD   
SHREEOSFM,SHREE OSFM E-MOBILITY LTD
SHREEPUSHK,SHRE PUSH CHEM & FERT LTD
SHREERAMA,SHREE RAMA MULTI TECH LTD
SHREMINVIT,SHREM INVIT              
SHRENIK,SHRENIK LIMITED          
SHREYANIND,SHREYANS INDUSTRIES LTD  
SHRIAHIMSA,SHRI AHIMSA NATURALS LTD 
SHRIKANHA,SHRI KANHA STAINLESS LTD 
SHRIKRISH,SHRI KRISHNA DEVCON LTD. 
SHRINGARMS,SHRINGAR HOU OF MANGALS L
SHRIPISTON,SPR AUTO TECHNOLOGIES LTD
SHRIRAMFIN,SHRIRAM FINANCE LIMITED  
SHRIRAMPPS,SHRIRAM PROPERTIES LTD   
SHRITECH,SHRI TECHTEX LIMITED     
SHUBHLAXMI,SHUBHLAXMI JEWEL ART LTD 
SHUBHSHREE,SHUBHSHREE BIOFUELS ENE L
SHUKRAPHAR,SHUKRA PHARMACEUTICALS L 
SHYAMCENT,SHYAM CENTURY FERROUS LTD
SHYAMDHANI,SHYAM DHANI INDUSTRIES L 
SHYAMMETL,SHYAM METALICS AND ENGY L
SHYAMTEL,SHYAM TELECOM LIMITED    
SICAGEN,SICAGEN INDIA LIMITED    
SICALLOG,SICAL LOGISTICS LIMITED  
SIDDHICOTS,SIDDHI COTSPIN LIMITED   
SIDDHIKA,SIDDHIKA COATINGS LIMITED
SIEMENS,SIEMENS LTD              
SIGACHI,SIGACHI INDUSTRIES LTD   
SIGIND,SIGNET INDUSTRIES LIMITED
SIGMA,SIGMA SOLVE LIMITED      
SIGMAADV,SIGMA ADVANCED SYSTEM LTD
SIGNATURE,SIGNATUREGLOBAL INDIA LTD
SIGNORIA,SIGNORIA CREATION LIMITED
SIGNPOST,SIGNPOST INDIA LIMITED   
SIKA,SIKA INTERPLANT SYSTEMS L
SIKKO,SIKKO INDUSTRIES LIMITED 
SIL,STANDARD INDUSTRIES LTD. 
SILGO,SILGO RETAIL LIMITED     
SILINV,SIL INVESTMENTS LIMITED  
SILKFLEX,SILKFLEX POLYMERS INDIA L
SILKY,SILKY OVERSEAS LIMITED   
SILLYMONKS,SILLY MONKS ENTERTAIN LTD
SILVERTUC,SILVER TOUCH TECHNO LTD  
SIMBHALS,SIMBHAOLI SUGARS LTD.    
SIMCA,SIMCA ADVERTISING LIMITED
SIMPLEXINF,SIMPLEX INFRASTRUCTURES L
SINCLAIR,SINCLAIRS HOTELS LIMITED 
SINDHUTRAD,SINDHU TRADE LINKS LTD   
SINGERIND,SINGER INDIA LIMITED     
SINTERCOM,SINTERCOM INDIA LIMITED  
SIRCA,SIRCA PAINT INDIA LIMITED
SIS,SIS LIMITED              
SITINET,SITI NETWORKS LIMITED    
SIYSIL,SIYARAM SILK MILLS LTD   
SJLOGISTIC,S J LOGISTICS (INDIA) LTD
SJS,SJS ENTERPRISES LIMITED  
SJVN,SJVN LTD                 
SKFINDIA,SKF INDIA LTD            
SKFINDUS,SKF IND (INDUSTRIAL) LTD 
SKIPPER,SKIPPER LIMITED          
SKMEGGPROD,SKM EGG PROD EXPORT(I) LT
SKP,SKP BEARING INDUSTRI. LTD
SKYGOLD,SKY GOLD AND DIAMONDS LTD
SLONE,SLONE INFOSYSTEMS LIMITED
SMARTEN,SMARTEN POWER SYSTEMS LTD
SMARTLINK,SMARTLINK HOLDINGS LTD   
SMARTWORKS,SMARTWORKS COWORKING SP L
SMCGLOBAL,SMC GLOBAL SECURITIES LTD
SMLMAH,SML MAHINDRA LIMITED     
SMLT,SARTHAK METALS LIMITED   
SMSPHARMA,SMS PHARMACEUTICALS LTD. 
SMVD,SMVD POLY PACK LIMITED   
SNEHAA,SNEHAA ORGANICS LIMITED  
SNOWMAN,SNOWMAN LOGISTICS LTD.   
SOBHA,SOBHA LIMITED            
SOCL,SUNDREX OIL COMPANY LTD  
SOFTTECH,SOFTTECH ENGINEERS LTD   
SOLARA,SOLARA ACTIVE PHA SCI LTD
SOLARINDS,SOLAR INDUSTRIES (I) LTD 
SOLARWORLD,SOLARWORLD ENERGY SOL LTD
SOLEX,SOLEX ENERGY LIMITED     
SOMANYCERA,SOMANY CERAMICS LIMITED  
SOMATEX,SOMA TEXTILES & INDUST LT
SOMICONVEY,SOMI CONVEYOR BELT. LTD. 
SONACOMS,SONA BLW PRECISION FRGS L
SONAL,SONAL MERCANTILE LTD.    
SONAMAC,SONA MACHINERY LIMITED   
SONAMLTD,SONAM LIMITED            
SONATSOFTW,SONATA SOFTWARE LTD      
SONUINFRA,SONU INFRATECH LIMITED   
SOTAC,SOTAC PHARMACEUTICALS LTD
SOTL,SAVITA OIL TECHNOLO. LTD 
SOUTHBANK,THE SOUTH INDIAN BANK LTD
SOUTHWEST,SOUTH WEST PINNACLE LTD  
SPAL,S. P. APPARELS LIMITED   
SPANDANA,SPANDANA SPHOORTY FIN LTD
SPARC,SUN PHARMA ADV.RES.CO.LTD
SPCENET,SPACENET ENTERS IND LTD  
SPCL,SHIVALIC POWER CONTROL L 
SPCON,SRINIBAS PRADHAN CONST L 
SPEB,SPEB ADHESIVES LIMITED   
SPECIALITY,SPECIALITY REST LTD      
SPECTRUM,SPECTRUM ELECTRIC IND LTD
SPECTSTM,SPECTRUM TALENT MGMT LTD 
SPENCERS,SPENCER S RETAIL LIMITED 
SPIC,SPIC LTD                 
SPLIL,SPL INDUSTRIES LIMITED   
SPLPETRO,SUPREME PETROCHEM LIMITED
SPMLINFRA,SPML INFRA LIMITED       
SPORTKING,SPORTKING INDIA LIMITED  
SPPPOLY,SPP POLYMER LIMITED      
SPRL,SP REFRACTORIES LIMITED  
SPUNWEB,SPUNWEB NONWOVEN LIMITED 
SRD,SHANKAR LAL RAMPAL LTD   
SREEL,SREELEATHERS LIMITED     
SRF,SRF LTD                  
SRGHFL,SRG HOUSING FINANCE L    
SRHHYPOLTD,SREE RAYALSEEMA HHP LTD. 
SRIVASAVI,SRIVASAVI ADHESIVE TAPE L
SRM,SRM CONTRACTORS LIMITED  
SRTL,SHREE RAM TWISTEX LIMITED
SSDL,SARASWATI SAREE DEPOT LTD
SSEGL,SATHLOKHAR SYN E&C GLOB L
SSFL,SRIVARI SPICES N FOODS L 
SSWL,STEEL STRIPS WHEELS LTD. 
STALLION,STALLION IND FLUOROCHEM L
STANLEY,STANLEY LIFESTYLES LTD   
STAR,STRIDES PHARMA SCI LTD   
STARCEMENT,STAR CEMENT LIMITED      
STARHEALTH,STAR HEALTH & AL INS CO L
STARPAPER,STAR PAPER MILLS LTD     
STARTECK,STARTECK FINANCE LIMITED 
STCINDIA,THE STATE TRADING CORPN  
STEELCAS,STEELCAST LIMITED        
STEELCITY,STEEL CITY SECURITIES LTD
STEELXIND,STEEL EXCHANGE INDIA LTD 
STEL,STEL HOLDINGS LIMITED    
STERTOOLS,STERLING TOOLS LIMITED   
STLNETWORK,STL NETWORKS LIMITED     
STLTECH,STERLITE TECHNOLOGIES LTD
STOVEKRAFT,STOVE KRAFT LIMITED      
STRIDERS,STRIDERS IMPEX LIMITED   
STUDDS,STUDDS ACCESSORIES LTD   
STUDIOLSD,STUDIO LSD LIMITED       
STYL,SESHAASAI TECHNOLOGIES L 
STYLAMIND,STYLAM INDUSTRIES LIMITED
STYLEBAAZA,BAAZAR STYLE RETAIL LTD  
STYRENIX,STYRENIX PERFORMANCE LTD 
SUBAHOTELS,SUBA HOTELS LIMITED      
SUBEXLTD,SUBEX LTD                
SUBROS,SUBROS LIMITED           
SUDARCOLOR,SUDARSHAN COLORNT IND LTD
SUDARSCHEM,SUDARSHAN CHEMICAL INDS L
SUDEEPPHRM,SUDEEP PHARMA LIMITED    
SUKHJITS,SUKHJIT STARCH & CHEM LTD
SULA,SULA VINEYARDS LIMITED   
SUMEETINDS,SUMEET IND LIMITED       
SUMICHEM,SUMITOMO CHEM INDIA LTD  
SUMIT,SUMIT WOODS LIMITED      
SUMMITSEC,SUMMIT SECURITIES LTD    
SUNCLAY,SUNDARAM CLAYTON LIMITED 
SUNDARAM,SUNDARAM MULTI PAP LTD   
SUNDARMFIN,SUNDARAM FINANCE LTD     
SUNDRMBRAK,SUNDARAMBRAKE LININGS LTD
SUNDRMFAST,SUNDRAM FASTENERS LTD    
SUNDROP,SUNDROP BRANDS LIMITED   
SUNFLAG,SUNFLAG IRON AND STEEL CO
SUNLITE,SUNLITE RECYCLING IND LTD
SUNPHARMA,SUN PHARMACEUTICAL IND L 
SUNREST,SUNREST LIFESCIENCE LTD  
SUNTECH,SUNTECH INFRA SOLUTIONS L
SUNTECK,SUNTECK REALTY LIMITED   
SUNTV,SUN TV NETWORK LIMITED   
SUPERHOUSE,SUPERHOUSE LIMITED       
SUPERSPIN,SUPER SPINNING MILLS LTD 
SUPRAJIT,SUPRAJIT ENGINEERING LTD 
SUPREME,SUPREME HOLDIN N HOSP I L
SUPREMEENG,SUPREME ENGINEERING LTD  
SUPREMEIND,SUPREME INDUSTRIES LTD   
SUPREMEINF,SUPREME INFRA. LTD.      
SUPREMEPWR,SUPREME POWER EQUIPMENT L
SUPRIYA,SUPRIYA LIFESCIENCE LTD  
SURAJEST,SURAJ ESTATE DEVELOPERS L
SURAJLTD,SURAJ LIMITED            
SURAKSHA,SURAKSHA DIAGNOSTIC LTD  
SURANASOL,SURANA SOLAR LIMITED     
SURANAT&P,SURANA TELECOM AND POW LT
SURANI,SURANI STEEL TUBES LTD.  
SURYALA,SURYALATA SPINNING MILL L
SURYALAXMI,SURYALAKSHMI COT MIL LTD 
SURYAROSNI,SURYA ROSHNI LTD         
SURYODAY,SURYODAY SMALL FIN BK LTD
SUTLEJTEX,SUTLEJ TEXT & INDUS LTD  
SUVEN,SUVEN LIFE SCIENCES LTD  
SUVIDHAA,SUVIDHAA INFOSERVE LTD   
SUYOG,SUYOG TELEMATICS LIMITED 
SUZLON,SUZLON ENERGY LIMITED    
SVLL,SHREE VASU LOGISTICS LTD 
SVPGLOB,SVP GLOBAL TEXTILES LTD  
SWANCORP,SWAN CORP LIMITED        
SWANDEF,SWAN DEFENCE N HEVY IND L
SWARAJ,SWARAJ SUITING LIMITED   
SWARAJENG,SWARAJ ENGINES LTD       
SWASTIK,SWASTIK PIPE LIMITED     
SWELECTES,SWELECT ENERGY SYS LTD   
SWIGGY,SWIGGY LIMITED           
SWSOLAR,STRLNG & WIL REN ENE LTD 
SYLVANPLY,SYLVAN PLYBOARD (INDIA) L
SYMPHONY,SYMPHONY LIMITED         
SYNCOMF,SYNCOM FORMU (I) LTD     
SYNGENE,SYNGENE INTERNATIONAL LTD
SYNOPTICS,SYNOPTICS TECHNOLOGIES L 
SYRMA,SYRMA SGS TECHNOLOGY LTD 
SYSTANGO,SYSTANGO TECHNOLOGIES LTD
SYSTMTXC,SYSTEMATIX CORP SERVICE L
TAALTECH,TAAL TECH LTD.           
TAC,TAC INFOSEC LIMITED      
TAINWALCHM,TAINWALA CHEMICAL AND PLA
TAJGVK,TAJ GVK HOTELS & RESORTS 
TAKE,TAKE LIMITED             
TALBROAUTO,TALBROS AUTO. COMP. LTD  
TAMBOLIIN,TAMBOLI INDUSTRIES LTD.  
TANKUP,TANKUP ENGINEERS LIMITED 
TANLA,TANLA PLATFORMS LIMITED  
TAPIFRUIT,TAPI FRUIT PROCESSING LTD
TARACHAND,TARA CHAND INFRA SOLN LTD
TARAPUR,TARAPUR TRANSFORMERS LTD 
TARC,TARC LIMITED             
TARIL,TRANS & RECTI. LTD       
TARMAT,TARMAT LIMITED           
TARSONS,TARSONS PRODUCTS LIMITED 
TASTYBITE,TASTY BITE EATABLES LTD  
TATACAP,TATA CAPITAL LIMITED     
TATACHEM,TATA CHEMICALS LTD       
TATACOMM,TATA COMMUNICATIONS LTD  
TATACONSUM,TATA CONSUMER PRODUCT LTD
TATAELXSI,TATA ELXSI LIMITED       
TATAINVEST,TATA INVESTMENT CORP LTD 
TATAPOWER,TATA POWER CO LTD        
TATASTEEL,TATA STEEL LIMITED       
TATATECH,TATA TECHNOLOGIES LIMITED
TATVA,TATVA CHIN PHARM CHEM LTD
TAURIAN,TAURIAN MPS LIMITED      
TBI,TBI CORN LIMITED         
TBOTEK,TBO TEK LIMITED          
TBZ,TRIB BHIMJI ZAVERI LTD   
TCC,TCC CONCEPT LIMITED      
TCI,TRANSPORT CORPN OF INDIA 
TCIEXP,TCI EXPRESS LIMITED      
TCIFINANCE,TCIFINANCELTD-ROLL SETT  
TCL,THAAI CASTING LIMITED    
TCPLPACK,TCPL PACKAGING LIMITED   
TCS,TATA CONSULTANCY SERV LT 
TDPOWERSYS,TD POWER SYSTEMS LTD.    
TEAMGTY,TEAM INDIA GUARANTY LTD  
TEAMLEASE,TEAMLEASE SERVICES LTD.  
TEAMTECH,TEAMTECH FORMWORK SOL LTD
TECHD,TECHD CYBERSECURITY LTD  
TECHERA,TECHERA ENGINEER (IND) L 
TECHLABS,TRIDENT TECHLABS LIMITED 
TECHM,TECH MAHINDRA LIMITED    
TECHNOCRAF,TECHNOCRAFT VENTURES LTD 
TECHNOE,TECHNO ELEC & ENG CO. LTD
TECHNVISN,TECHNVISION VENTURES LTD.
TECILCHEM,TECIL CHEMICALS          
TEGA,TEGA INDUSTRIES LIMITED  
TEJA,TEJA ENGINEERING IND L   
TEJASCARGO,TEJAS CARGO INDIA LIMITED
TEJASNET,TEJAS NETWORKS LIMITED   
TEMBO,TEMBO GLOBAL IND LTD     
TENNIND,TENNECO CLEAN AIR INDIA L
TERASOFT,TERA SOFTWARE LIMITED    
TEXINFRA,TEXMACO INFRA & HOLDG LTD
TEXMOPIPES,TEXMO PIPE & PRODUCTS LTD
TEXRAIL,TEXMACO RAIL & ENG. LTD. 
TFCILTD,TOURISM FINANCE CORP. OF 
TFL,TRANSWARRANTY FIN. LTD.  
TGBHOTELS,TGB BANQUETS&HOTELS LTD  
TGL,TEERTH GOPICON LIMITED   
THACKER,THACKER & CO. LTD.       
THAKDEV,THAKKERS DEVELOPERS LTD. 
THANGAMAYL,THANGAMAYIL JEWELLERY LTD
THEINVEST,THE INVEST TRUST OF IND L
THEJO,THEJO ENGINEERING LIMITED
THELEELA,LEELA PALACES HOTEL LTD  
THEMISMED,THEMIS MEDICARE LTD.     
THERMAX,THERMAX LTD              
THESL,THINKING HATS ENTER SOL L
THOMASCOOK,THOMAS COOK (INDIA) LTD  
THOMASCOTT,THOMAS SCOTT (INDIA) LTD 
THYROCARE,THYROCARE TECH LTD       
TI,TILAKNAGAR INDUSTRIES LTD
TICL,TWAMEV CONS AND INFRA LTD
TIGERLOGS,TIGER LOGISTICS (INDIA) L
TIIL,TECHNOCRAFT IND LTD      
TIINDIA,TUBE INVEST OF INDIA LTD 
TIJARIA,TIJARIA POLYPIPES LTD    
TIL,TIL LTD                  
TIMESCAN,TIMESCAN LOGISTICS IND L 
TIMETECHNO,TIME TECHNOPLAST LTD.    
TIMEX,TIMEX GROUP INDIA LTD.   
TIMKEN,TIMKEN INDIA LTD.        
TINNARUBR,TINNA RUBBER AND INFR LTD
TIPSFILMS,TIPS FILMS LIMITED       
TIPSMUSIC,TIPS MUSIC LIMITED       
TIRUMALCHM,THIRUMALAI CHEMICALS LTD 
TIRUPATI,SHREE TIRUPATI BALAJEE   
TIRUPATIFL,TIRUPATI FORGE LIMITED   
TITAGARH,TITAGARH RAIL SYSTEMS LTD
TITAN,TITAN COMPANY LIMITED    
TMB,TAMILNAD MERCA BANK LTD  
TMCV,TATA MOTORS LIMITED      
TMPV,TATA MOTORS PASS VEH LTD 
TNPETRO,TAMILNADU PETROPRODUCTS L
TNPL,TAMILNADU NEWSPRT & PAPER
TNTELE,TAMILNADU TELECOMMUNICATI
TOKYOPLAST,TOKYO PLAST INTL LTD     
TOLINS,TOLINS TYRES LIMITED     
TORNTPHARM,TORRENT PHARMACEUTICALS L
TORNTPOWER,TORRENT POWER LTD        
TOTAL,TOTAL TRANSPORT SYS LTD  
TOUCHWOOD,TOUCHWOOD ENTERTAIN LTD. 
TPHQ,TEAMO PRODUCTIONS HQ LTD 
TPLPLASTEH,TPL PLASTECH LIMITED     
TRACXN,TRACXN TECHNOLOGIES LTD  
TRANSPEK,TRANSPEK INDUSTRIES LTD  
TRANSRAILL,TRANSRAIL LIGHTING LTD   
TRANSTEEL,TRANSTEEL SEATING TECH L 
TRANSWIND,TRANSWIND INFRA LIMITED  
TRANSWORLD,TRANSWORLD SHIP LINES LTD
TRAVELFOOD,TRAVEL FOOD SERVICES LTD 
TREEHOUSE,TREE HOUSE EDU LTD       
TREJHARA,TREJHARA SOLUTIONS LTD   
TREL,TRANSINDIA REAL ESTATE L 
TRENT,TRENT LTD                
TRF,TRF LIMITED              
TRIDENT,TRIDENT LIMITED          
TRIDHYA,TRIDHYA TECH LIMITED     
TRIGYN,TRIGYN TECHNOLOGIES LTD  
TRITURBINE,TRIVENI TURBINE LIMITED  
TRIVENI,TRIVENI ENGG. & INDS. LTD
TROM,TROM INDUSTRIES LIMITED  
TRU,TRUCAP FINANCE LIMITED   
TRUALT,TRUALT BIOENERGY LIMITED 
TRUST,TRUST FINTECH LIMITED    
TSC,TSC INDIA LIMITED        
TSFINV,TSF INVESTMENTS LIMITED  
TTKHLTCARE,TTK HEALTHCARE LIMITED   
TTKPRESTIG,TTK PRESTIGE LTD         
TTL,T T LIMITED              
TTML,TATA TELESERV(MAHARASTRA)
TUNWAL,TUNWAL E-MOTORS LIMITED  
TURTLEMINT,TURTLEMINT FINTECH SOLS L
TVSELECT,TVS ELECTRONICS LTD      
TVSHLTD,TVS HOLDINGS LIMITED     
TVSINVIT,TVS INFRASTRUCTURE TRUST 
TVSMOTOR,TVS MOTOR COMPANY  LTD   
TVSSCS,TVS SUPPLY CHAIN SOL L   
TVSSRICHAK,TVS SRICHAKRA LIMITED    
TVTODAY,TV TODAY NETWORK LTD     
TVVISION,TV VISION LIMITED        
UBL,UNITED BREWERIES LTD     
UCAL,UCAL LIMITED             
UCL,USHANTI COLOUR CHEM LTD  
UCOBANK,UCO BANK                 
UDS,UPDATER SERVICES LIMITED 
UEL,UJAAS ENERGY LIMITED     
UFBL,UNITED FOODBRANDS LIMITED
UFLEX,UFLEX LIMITED            
UFO,UFO MOVIEZ INDIA LTD.    
UGARSUGAR,THE UGAR SUGAR WORKS LTD 
UGROCAP,UGRO CAPITAL LIMITED     
UHTL,UNITED HEAT TRANSFER LTD 
UJJIVANSFB,UJJIVAN SMALL FINANC BANK
ULTRACEMCO,ULTRATECH CEMENT LIMITED 
ULTRAMAR,ULTRAMARINE & PIGMENTS L 
UMA,UMA CONVERTER LIMITED    
UMAEXPORTS,UMA EXPORTS LIMITED      
UMESLTD,USHA MARTIN EDU & SOL LTD
UMIYA-MRO,UMIYA BUILDCON LIMITED   
UNICHEMLAB,UNICHEM LABORATORIES LTD 
UNIDT,UNITED DRILLING TOOLS LTD
UNIECOM,UNICOMMERCE ESOLUTIONS L 
UNIENTER,UNIPHOS ENTERPRISES LTD  
UNIHEALTH,UNIHEALTH HOSPITALS LTD  
UNIINFO,UNIINFO TELECOM SERVI LTD
UNILEX,UNILEX COLOURS AND CHEM L
UNIMECH,UNIMECH AEROSPACE N MFG L
UNIONBANK,UNION BANK OF INDIA      
UNIPARTS,UNIPARTS INDIA LIMITED   
UNITDSPR,UNITED SPIRITS LIMITED   
UNITECH,UNITECH LTD              
UNITEDPOLY,UNITED POLYFAB GUJ. LTD. 
UNITEDTEA,UNITED NILGIRI TEA LTD   
UNIVASTU,UNIVASTU INDIA LIMITED   
UNIVCABLES,UNIVERSAL CABLES LTD     
UNIVPHOTO,UNIVERSUS IMAGINGS LTD   
UNOMINDA,UNO MINDA LIMITED        
UPL,UPL LIMITED              
URAVIDEF,URAVI DEFENCE &TECH LTD  
URBAN,URBAN ENVIRO WASTE MGMT L
URBANCO,URBAN COMPANY LIMITED    
URJA,URJA GLOBAL LIMITED      
USASEEDS,UPSURGE SEEDS OF AGRI LTD
USHAFIN,USHA FINANCIAL SERVICES L
USHAMART,USHA MARTIN LTD.         
USK,UDAYSHIVAKUMAR INFRA LTD 
UTIAMC,UTI ASSET MNGMT CO LTD   
UTKAL,UTKAL SPEC INDUS INDIA L 
UTKARSHBNK,UTKARSH SMALL FIN BANK L 
UTLSOLAR,FUJIYAMA POWER SYSTEMS L 
UTSSAV,UTSSAV CZ GOLD JEWELS LTD
UTTAMSUGAR,UTTAM SUGAR MILLS LTD.   
UWCSL,ULTRA WIRING CONN SYS LTD
UYFINCORP,U. Y. FINCORP LIMITED    
V2RETAIL,V2 RETAIL LIMITED        
VADILALIND,VADILAL INDUSTRIES LTD   
VAIBHAVGBL,VAIBHAV GLOBAL LIMITED   
VAISHALI,VAISHALI PHARMA LIMITED  
VAKRANGEE,VAKRANGEE LIMITED        
VALIANTLAB,VALIANT LABORATORIES LTD 
VALIANTORG,VALIANT ORGANICS LIMITED 
VALUE360,VALUE 360 COMMUNICATION L
VAML,VEDANTA ALUMINIUM METAL L
VARDHACRLC,VARDHAMAN ACRYLICS LTD   
VARDMNPOLY,VARDHMAN POLYTEX LTD.    
VARROC,VARROC ENGINEERING LTD.  
VASA,VASA RETAIL & OVERSEA LTD
VASCONEQ,VASCON ENGINEERS LTD     
VASWANI,VASWANI IND LTD          
VBL,VARUN BEVERAGES LIMITED  
VCL,VAXTEX COTFAB LIMITED    
VDEAL,VDEAL SYSTEM LIMITED     
VEDL,VEDANTA LIMITED          
VEDPOWER,VEDANTA POWER LIMITED    
VEEDOL,VEEDOL CORPORATION LTD   
VEEKAYEM,VEEKAYEM FASH & APP LTD  
VELJAN,VELJAN DENISON LTD.      
VELS,VELS FILM INTERNATIONAL L
VENKEYS,VENKY S (INDIA) LIMITED  
VENTIVE,VENTIVE HOSPITALITY LTD  
VENUSPIPES,VENUS PIPES & TUBES LTD  
VENUSREM,VENUS REMEDIES LIMITED   
VERA,VERA SYNTHETIC LIMITED   
VERANDA,VERANDA LEARNING SOL LTD 
VERITAAS,VERITAAS ADVERTISING LTD 
VERTEXPLUS,VERTEXPLUS TECHNOLOGIES L
VERTIS,VERTIS INFRASTRUCTURE TST
VERTOZ,VERTOZ LIMITED           
VESUVIUS,VESUVIUS INDIA LTD       
VETO,VETO SWITCHGEAR CABLE LTD
VGINFOTECH,VIRTUAL GALAXY INFOTECH L
VGL,VARVEE GLOBAL LIMITED    
VGUARD,V-GUARD IND LTD.         
VHL,VARDHMAN HOLDINGS LIMITED
VHLTD,VICEROY HOTELS LIMITED   
VIAZ,VIAZ TYRES LIMITED       
VICTORYEV,VICTORY ELEC VEHICL INT L
VIDHIING,VIDHI SPCLTY F INGRDNTS L
VIDYAWIRES,VIDYA WIRES LIMITED      
VIESL,VISION INFRA EQUIP SOL L 
VIGOR,VIGOR PLAST INDIA LIMITED
VIJAYA,VIJAYA DIAGNOSTIC CEN LTD
VIJAYPD,VIJAYPD CEUTICAL LIMITED 
VIJIFIN,VIJI FINANCE LIMITED     
VIKASECO,VIKAS ECOTECH LIMITED    
VIKASLIFE,VIKAS LIFECARE LIMITED   
VIKRAMSOLR,VIKRAM SOLAR LIMITED     
VIKRAN,VIKRAN ENGINEERING LTD   
VILAS,VILAS TRANSCORE LIMITED  
VILINBIO,VILIN BIO MED LIMITED    
VIMTALABS,VIMTA LABS LIMITED       
VINATIORGA,VINATI ORGANICS LTD      
VINCOFE,VINTAGE COFFEE N BVRGS L 
VINDHYATEL,VINDHYA TELELINKS LTD    
VINEETLAB,VINEET LABORATORIES LTD  
VINNY,VINNY OVERSEAS LIMITED   
VINSYS,VINSYS IT SERVICES IND LT
VINYAS,VINYAS INNOVATIVE TECH L 
VINYLINDIA,VINYL CHEMICALS (I) LTD. 
VIPCLOTHNG,VIP CLOTHING LIMITED     
VIPIND,VIP INDUSTRIES LTD       
VIPULLTD,VIPUL LIMITED            
VIRINCHI,VIRINCHI LIMITED         
VISACHROME,VISA CHROME LIMITED      
VISAKAIND,VISAKA INDUSTRIES LIMITED
VISAMAN,VISAMAN GLOBAL SALES LTD 
VISDEM,VISDEM TECHNOSYS LIMITED 
VISHNU,VISHNU CHEMICALS LIMITED 
VISHNUINFR,VISHNUSURYA PROJ N INFR L
VISHWARAJ,VISHWARAJ SUGAR IND LTD  
VISHWAS,VISHWAS AGRI SEEDS LTD   
VISL,VEDANTA IRON AND STEEL L 
VITAL,VITAL CHEMTECH LIMITED   
VIVIANA,VIVIANA POWER TECH LTD   
VIVIDEL,VIVID ELECTROMECH LIMITED
VIVIDHA,VISAGAR POLYTEX LTD      
VIVIMEDLAB,VIVIMED LABS LIMITED     
VIVO,VIVO COLLAB SOLUTIONS LTD
VIYASH,VIYASH SCIENTIFIC LIMITED
VLEGOV,VL E GOV AND IT SOL LTD  
VLINFRA,V.L.INFRAPROJECTS LIMITED
VLSFINANCE,VLS FINANCE LTD          
VMARCIND,V MARC INDIA LIMITED     
VMART,VMART RETAIL LTD         
VMM,VISHAL MEGA MART LIMITED 
VMOBILE,VINIT MOBILE LIMITED     
VMSTMT,VMS TMT LIMITED          
VOEPL,VIRTUOSO OPTOELECTRONIC L
VOGL,VEDANTA OIL AND GAS LTD  
VOLERCAR,VOLER CAR LIMITED        
VOLTAMP,VOLTAMP TRANSFORMERS LTD 
VOLTAS,VOLTAS LTD               
VPRPL,VISHNU PRAKASH R PUNGLI L
VR,V R INFRASPACE LIMITED   
VRAJ,VRAJ IRON AND STEEL LTD  
VRLLOG,VRL LOGISTICS LIMITED    
VSCL,VADIVARHE SPCLTY CHEM LTD
VSSL,VARDHMAN SPC STEEL LTD   
VSTIND,VST INDUSTRIES LTD       
VSTL,VIBHOR STEEL TUBES LTD   
VSTTILLERS,VST TILLERS TRACTORS LTD 
VTL,VARDHMAN TEXTILES LIMITED
WAAREEENER,WAAREE ENERGIES LIMITED  
WAAREEINDO,INDOSOLAR LIMITED        
WAAREERTL,WAAREE RENEWABLE TECH LTD
WABAG,VA TECH WABAG LTD        
WAKEFIT,WAKEFIT INNOVATIONS LTD  
WALCHANNAG,WALCHANDNAGAR INDUSTRIES 
WALPAR,WALPAR NUTRITIONS LIMITED
WANBURY,WANBURY LIMITED          
WCIL,WESTERN CARRIERS (IND) L 
WEALTH,WEALTH FRST PORT. MG. LTD
WEBELSOLAR,WEBSOL ENERGY SYSTEM LTD 
WEIZMANIND,WEIZMANN LTD             
WEL,WONDER ELECTRICALS LTD   
WELCORP,WELSPUN CORP LIMITED     
WELENT,WELSPUN ENTERPRISES LTD. 
WELINV,WELSPUN INV & COMM LTD   
WELSPLSOL,WELSPUN SPECIALTY SOL L  
WELSPUNLIV,WELSPUN LIVING LIMITED   
WENDT,WENDT (INDIA) LIMITED    
WESTLIFE,WESTLIFE FOODWORLD LTD   
WEWIN,WE WIN LIMITED           
WEWORK,WEWORK INDIA MANAGEMENT L
WHEELS,WHEELS INDIA LTD         
WHIRLPOOL,WHIRLPOOL OF INDIA LTD   
WHITEFORCE,HAPPY SQUARE OUTSOURC S L
WILLAMAGOR,WILLIAMSON MAGOR         
WINDLAS,WINDLAS BIOTECH LIMITED  
WINDMACHIN,WINDSOR MACHINES LIMITED 
WINNY,WINNY IMMIGRA & EDU SER L
WINSOL,WINSOL ENGINEERS LIMITED 
WIPL,THE WESTERN INDIA PLY LTD
WIPRO,WIPRO LTD                
WOCKPHARMA,WOCKHARDT LIMITED        
WOL3D,WOL 3D INDIA LIMITED     
WOMANCART,WOMANCART LIMITED        
WONDERLA,WONDERLA HOLIDAYS LTD.   
WORTHPERI,WORTH PERIPHERALS LIMITED
WPIL,W P I L LTD.             
WSI,W.S.INDUSTRIES (I) LTD.  
WSTCSTPAPR,WEST COAST PAPER MILLS LT
WTICAB,WISE TRAVEL INDIA LIMITED
XCHANGING,XCHANGING SOLUTIONS LTD  
XELPMOC,XELPMOC DESIGN & TECH LTD
XPROINDIA,XPRO INDIA LIMITED       
XTGLOBAL,XTGLOBAL INFOTECH LIMITED
XTRANET,XTRANET TECHNOLOGIES LTD 
YAAP,YAAP DIGITAL LIMITED     
YASHO,YASHO INDUSTRIES LIMITED 
YASHOPTICS,YASH OPTICS & LENS LTD   
YATHARTH,YATHARTH HOSP & TRA C S L
YATRA,YATRA ONLINE LIMITED     
YCCL,YASONS CHEMEX CARE LTD   
YESBANK,YES BANK LIMITED         
YUDIZ,YUDIZ SOLUTIONS LIMITED  
YUKEN,YUKEN INDIA LIMITED      
ZAGGLE,ZAGGLE PREPA OCEAN SER L 
ZEAL,ZEAL GLOBAL SERVICES LTD 
ZEEL,ZEE ENTERTAINMENT ENT LTD
ZEELEARN,ZEE LEARN LIMITED        
ZEEMEDIA,ZEE MEDIA CORPORATION LTD
ZENITHDRUG,ZENITH DRUGS LIMITED     
ZENITHEXPO,ZENITH EXPORTS LTD       
ZENITHSTL,ZENITH STEEL PIP IND LTD 
ZENSARTECH,ZENSAR TECHNOLOGIES  LTD 
ZENTEC,ZEN TECHNOLOGIES LIMITED 
ZFCVINDIA,ZF COM VE CTR SYS IND LTD
ZFSTEERING,Z F STEERING GEAR (I) LTD
ZIMLAB,ZIM LABORATORIES LIMITED 
ZODIAC,ZODIAC ENERGY LIMITED    
ZODIACLOTH,ZODIAC CLOTHING CO. LTD. 
ZOTA,ZOTA HEALTH CARE LIMITED 
ZSARACOM,SARASWATI COMM (INDIA) L 
ZTECH,Z-TECH (INDIA) LIMITED   
ZUARI,ZUARI AGRO CHEMICALS LTD 
ZUARIIND,ZUARI INDUSTRIES LIMITED 
ZYDUSLIFE,ZYDUS LIFESCIENCES LTD   
ZYDUSWELL,ZYDUS WELLNESS LIMITED   
